country,GID_1,FCT_id,food_grp_id,food_item_id,Food_grp,Food_name,suitable_class,Hrv_strt,Hrv_end
ETH,ETH.3_1,11439,11,439,Beverages,"Beer, sorghum (est. 3% alcohol)",1,2,4
ETH,ETH.3_1,11451,11,451,Beverages,Ovaltine beverage with partly skimmed milk (without sugar; fortified),1,3,5
ETH,ETH.3_1,1047,1,47,Cereals and their products,"Bread, wheat, white for toasting",3,4,6
ETH,ETH.3_1,1059,1,59,Cereals and their products,"Maize, white, flour degermed ",3,5,7
ETH,ETH.3_1,1076,1,76,Cereals and their products,"Maize, white, stiff porridge* (without salt)",3,2,4
ETH,ETH.3_1,1004,1,4,Cereals and their products,"Maize, white, whole kernel, dried, raw",3,5,7
ETH,ETH.3_1,1017,1,17,Cereals and their products,"Pearl millet, whole grain, raw (with bran)",1,10,12
ETH,ETH.3_1,1034,1,34,Cereals and their products,"Rice, brown, raw",1,0,2
ETH,ETH.3_1,1040,1,40,Cereals and their products,"Sorghum, whole grain, white, raw",2,8,10
ETH,ETH.3_1,1073,1,73,Cereals and their products,"Wheat, bran",2,8,10
ETH,ETH.3_1,5253,5,253,Fruits and their products,"Fruit cocktail, canned in syrup",4,7,9
ETH,ETH.3_1,5234,5,234,Fruits and their products,"Mango, orange flesh,  raw",3,6,8
ETH,ETH.3_1,5259,5,259,Fruits and their products,"Palm nuts, pulp, raw",1,8,10
ETH,ETH.3_1,5236,5,236,Fruits and their products,"Papaya, fruit, ripe, raw",1,1,3
ETH,ETH.3_1,5260,5,260,Fruits and their products,"Pomegranate, raw",4,11,1
ETH,ETH.3_1,5239,5,239,Fruits and their products,"Tamarind, immature fruit, raw",1,12,2
ETH,ETH.3_1,3140,3,140,Legumes and their products,"Lentils, dried, raw",2,1,3
ETH,ETH.3_1,3118,3,118,Legumes and their products,"Soya bean, dried, raw",3,5,7
ETH,ETH.3_1,7316,7,316,Meat and poultry and their products,"Bamboo caterpillar, deep fried",3,1,3
ETH,ETH.3_1,7291,7,291,Meat and poultry and their products,"Beef liver, raw",2,6,8
ETH,ETH.3_1,7313,7,313,Meat and poultry and their products,"Beef,  ground, 10 % fat, raw",3,1,3
ETH,ETH.3_1,7315,7,315,Meat and poultry and their products,"Beef, meat, cured, corned, canned",4,1,3
ETH,ETH.3_1,7329,7,329,Meat and poultry and their products,"Chicken giblets, raw",2,6,8
ETH,ETH.3_1,7336,7,336,Meat and poultry and their products,"Goat, meat, raw",2,10,12
ETH,ETH.3_1,7341,7,341,Meat and poultry and their products,"Lamb, brain, raw",1,5,7
ETH,ETH.3_1,7343,7,343,Meat and poultry and their products,"Lamb, liver, raw",4,3,5
ETH,ETH.3_1,7296,7,296,Meat and poultry and their products,"Pork, meat, approx. 20 % fat, boneless, raw",4,5,7
ETH,ETH.3_1,10412,10,412,Milk and their products,"Cheese, Gouda",4,11,1
ETH,ETH.3_1,10413,10,413,Milk and their products,"Cream, whipping, 38 % fat",1,8,10
ETH,ETH.3_1,10421,10,421,Milk and their products,"Milk, cow powder, skimmed",2,10,12
ETH,ETH.3_1,10420,10,420,Milk and their products,"Milk, cow, canned, evaporated",3,5,7
ETH,ETH.3_1,10406,10,406,Milk and their products,"Milk, cow, powder, whole",1,11,1
ETH,ETH.3_1,10407,10,407,Milk and their products,"Milk, goat, raw",2,7,9
ETH,ETH.3_1,12459,12,459,Miscellaneous,"Bay leaf, dried",2,3,5
ETH,ETH.3_1,12462,12,462,Miscellaneous,"Cube, beef, dry",4,12,2
ETH,ETH.3_1,12465,12,465,Miscellaneous,"Ginger, roots, dried",2,1,3
ETH,ETH.3_1,12455,12,455,Miscellaneous,Honey,3,11,1
ETH,ETH.3_1,12467,12,467,Miscellaneous,"Mustard, prepared, yellow",2,9,11
ETH,ETH.3_1,12470,12,470,Miscellaneous,"Spices, mix, ground",4,0,2
ETH,ETH.3_1,6265,6,265,"Nuts, seeds and their products","Cashew nut, raw",4,2,4
ETH,ETH.3_1,6266,6,266,"Nuts, seeds and their products","Coconut, mature kernel, fresh, raw",2,8,10
ETH,ETH.3_1,6287,6,287,"Nuts, seeds and their products","Groundnut flour, with fat",1,3,5
ETH,ETH.3_1,6289,6,289,"Nuts, seeds and their products","Palm nut kernel, shelled, raw",2,1,3
ETH,ETH.3_1,6277,6,277,"Nuts, seeds and their products","Shea nut, seed kernel, dried, raw",2,1,3
ETH,ETH.3_1,2078,2,78,"Starchy roots, tubers and their products","Cassava, tuber, dried",1,10,12
ETH,ETH.3_1,2100,2,100,"Starchy roots, tubers and their products","Tiger nut, tuber dried",1,12,2
ETH,ETH.3_1,4153,4,153,Vegetables and their products,"Beans, green raw",4,8,10
ETH,ETH.3_1,4155,4,155,Vegetables and their products,"Cabbage, raw",2,6,8
ETH,ETH.3_1,4159,4,159,Vegetables and their products,"Cocoyam, leaves, raw",2,3,5
ETH,ETH.3_1,4161,4,161,Vegetables and their products,"Drumstick  leaves, raw",1,3,5
ETH,ETH.3_1,4166,4,166,Vegetables and their products,"Roselle leaves, raw",3,2,4
ETH,ETH.3_1,4170,4,170,Vegetables and their products,"Taro, leaves, raw",4,7,9
ETH,ETH.3_1,4216,4,216,Vegetables and their products,"Tomato paste, concentrated",2,1,3
ETH,ETH.2_1,11436,11,436,Beverages,Beer european (4.4 % alcohol),3,7,9
ETH,ETH.2_1,11437,11,437,Beverages,"Beer, maize  (est. 3 % alcohol)",1,6,8
ETH,ETH.2_1,11452,11,452,Beverages,Ovaltine beverage with skimmed milk (without sugar; fortified),2,1,3
ETH,ETH.2_1,1046,1,46,Cereals and their products,"Bread, wheat, white",3,8,10
ETH,ETH.2_1,1045,1,45,Cereals and their products,"Bread/rolls, white",1,1,3
ETH,ETH.2_1,1001,1,1,Cereals and their products,"Fonio, white, whole grain, raw",1,10,12
ETH,ETH.2_1,1014,1,14,Cereals and their products,"Maize, combined varieties, whole kernel, dried, raw",2,9,11
ETH,ETH.2_1,1060,1,60,Cereals and their products,"Maize, white, grit, degermed",3,1,3
ETH,ETH.2_1,1076,1,76,Cereals and their products,"Maize, white, stiff porridge* (without salt)",2,5,7
ETH,ETH.2_1,1075,1,75,Cereals and their products,"Maize, yellow, stiff porridge* (without salt)",1,4,6
ETH,ETH.2_1,1032,1,32,Cereals and their products,"Pearl millet, combined varieties, whole grain, raw",1,12,2
ETH,ETH.2_1,1063,1,63,Cereals and their products,"Pearl millet, flour (without bran)",2,7,9
ETH,ETH.2_1,1036,1,36,Cereals and their products,"Rice, white, polished, raw",1,6,8
ETH,ETH.2_1,1074,1,74,Cereals and their products,"Wheat, whole grains, raw",1,5,7
ETH,ETH.2_1,9364,9,364,Fish and their products,"African carp, raw",3,2,4
ETH,ETH.2_1,9369,9,369,Fish and their products,"Anchovy, canned in oil (drained solids)",3,4,6
ETH,ETH.2_1,9386,9,386,Fish and their products,"Mudfish, raw",4,12,2
ETH,ETH.2_1,9363,9,363,Fish and their products,"White grouper, raw",1,2,4
ETH,ETH.2_1,5243,5,243,Fruits and their products,"African locust bean, flour from fruit, pulp",2,12,2
ETH,ETH.2_1,5226,5,226,Fruits and their products,"Cashew apple, pulp, raw",3,0,2
ETH,ETH.2_1,5248,5,248,Fruits and their products,"Clementine, raw",2,9,11
ETH,ETH.2_1,5251,5,251,Fruits and their products,"Fig, raw ",1,5,7
ETH,ETH.2_1,5259,5,259,Fruits and their products,"Palm nuts, pulp, raw",4,4,6
ETH,ETH.2_1,5236,5,236,Fruits and their products,"Papaya, fruit, ripe, raw",2,3,5
ETH,ETH.2_1,5261,5,261,Fruits and their products,"Plantain, ripe, raw",2,6,8
ETH,ETH.2_1,5238,5,238,Fruits and their products,"Soapberry, fruit, raw",4,11,1
ETH,ETH.2_1,3132,3,132,Legumes and their products,"Beans, white, dried",1,5,7
ETH,ETH.2_1,3115,3,115,Legumes and their products,"Cowpea, black, dried, raw",4,5,7
ETH,ETH.2_1,3114,3,114,Legumes and their products,"Cowpea, dried, raw",4,2,4
ETH,ETH.2_1,3142,3,142,Legumes and their products,"Pigeon pea, dried, raw",4,1,3
ETH,ETH.2_1,7309,7,309,Meat and poultry and their products,"Beef, kidney, raw",4,8,10
ETH,ETH.2_1,7293,7,293,Meat and poultry and their products,"Chicken, dark meat, flesh, raw",1,10,12
ETH,ETH.2_1,10431,10,431,Milk and their products,"Margarine, fortified",2,11,1
ETH,ETH.2_1,10421,10,421,Milk and their products,"Milk, cow powder, skimmed",4,10,12
ETH,ETH.2_1,10424,10,424,Milk and their products,Vacherin cheese,2,8,10
ETH,ETH.2_1,10435,10,435,Milk and their products,Vegetable oil,2,6,8
ETH,ETH.2_1,12458,12,458,Miscellaneous,Anis seed,3,9,11
ETH,ETH.2_1,12460,12,460,Miscellaneous,"Chilli pepper, dried",2,0,2
ETH,ETH.2_1,12461,12,461,Miscellaneous,"Cinnamon, ground",4,5,7
ETH,ETH.2_1,12469,12,469,Miscellaneous,Salt,4,7,9
ETH,ETH.2_1,12471,12,471,Miscellaneous,"Yeast, dried",4,8,10
ETH,ETH.2_1,6285,6,285,"Nuts, seeds and their products","Groundnut, combined varieties, shelled, dried, raw (Ghana)",1,8,10
ETH,ETH.2_1,6274,6,274,"Nuts, seeds and their products","Groundnut, red, shelled, dried, raw (Benin)",1,1,3
ETH,ETH.2_1,6273,6,273,"Nuts, seeds and their products","Groundnut, rose, shelled, dried, raw (Benin)",2,1,3
ETH,ETH.2_1,6276,6,276,"Nuts, seeds and their products","Sesame seeds, whole, dried, raw",3,4,6
ETH,ETH.2_1,6277,6,277,"Nuts, seeds and their products","Shea nut, seed kernel, dried, raw",4,8,10
ETH,ETH.2_1,2095,2,95,"Starchy roots, tubers and their products","Cassava sweet, tuber, dried",2,10,12
ETH,ETH.2_1,2077,2,77,"Starchy roots, tubers and their products","Cassava, tuber, raw",4,4,6
ETH,ETH.2_1,2081,2,81,"Starchy roots, tubers and their products","Cocoyam, tuber, raw ",3,8,10
ETH,ETH.2_1,2110,2,110,"Starchy roots, tubers and their products","Yam tuber, flour",2,10,12
ETH,ETH.2_1,4173,4,173,Vegetables and their products,"Amaranth leaves, raw",1,8,10
ETH,ETH.2_1,4155,4,155,Vegetables and their products,"Cabbage, raw",4,7,9
ETH,ETH.2_1,4158,4,158,Vegetables and their products,"Cassava, leaves, raw",2,5,7
ETH,ETH.2_1,4186,4,186,Vegetables and their products,"False sesame, leaves, raw",1,3,5
ETH,ETH.2_1,4165,4,165,Vegetables and their products,"Garlic, raw",1,2,4
ETH,ETH.2_1,4195,4,195,Vegetables and their products,"Parsley, fresh",3,6,8
ETH,ETH.2_1,4196,4,196,Vegetables and their products,"Peppers, chilli, raw",3,2,4
ETH,ETH.2_1,4212,4,212,Vegetables and their products,"Tamarind, leaves, dried",3,6,8
ETH,ETH.2_1,4215,4,215,Vegetables and their products,"Tomatoes, canned, packed in juice",1,1,3
ETH,ETH.4_1,11440,11,440,Beverages,"Coffee, instant, powder",4,4,6
ETH,ETH.4_1,1048,1,48,Cereals and their products,"Bread, wheat, wholemeal",2,5,7
ETH,ETH.4_1,1059,1,59,Cereals and their products,"Maize, white, flour degermed ",1,11,1
ETH,ETH.4_1,1058,1,58,Cereals and their products,"Maize, white, flour refined",2,4,6
ETH,ETH.4_1,1075,1,75,Cereals and their products,"Maize, yellow, stiff porridge* (without salt)",2,2,4
ETH,ETH.4_1,1006,1,6,Cereals and their products,"Maize, yellow, whole kernel, dried, raw",4,6,8
ETH,ETH.4_1,1015,1,15,Cereals and their products,"Millet, whole grain, raw",2,9,11
ETH,ETH.4_1,1041,1,41,Cereals and their products,"Sorghum, whole grain, red, raw",4,5,7
ETH,ETH.4_1,9378,9,378,Fish and their products,"Carp, raw",1,12,2
ETH,ETH.4_1,9363,9,363,Fish and their products,"White grouper, raw",4,5,7
ETH,ETH.4_1,5245,5,245,Fruits and their products,"Apple, with skin, raw",2,7,9
ETH,ETH.4_1,5250,5,250,Fruits and their products,"Dates, dried",4,3,5
ETH,ETH.4_1,5252,5,252,Fruits and their products,"Fig, dried ",2,8,10
ETH,ETH.4_1,5253,5,253,Fruits and their products,"Fruit cocktail, canned in syrup",4,3,5
ETH,ETH.4_1,5254,5,254,Fruits and their products,"Grapefruit, pulp, raw",1,3,5
ETH,ETH.4_1,5229,5,229,Fruits and their products,"Guava, fruit, raw",2,8,10
ETH,ETH.4_1,5230,5,230,Fruits and their products,"Gumvine, raw",4,4,6
ETH,ETH.4_1,5256,5,256,Fruits and their products,"Mango, pale flesh, raw",3,5,7
ETH,ETH.4_1,5258,5,258,Fruits and their products,"Melon, cantaloup, raw",1,3,5
ETH,ETH.4_1,5257,5,257,Fruits and their products,"Melon, honeydew, raw",2,5,7
ETH,ETH.4_1,5235,5,235,Fruits and their products,"Orange, raw",1,3,5
ETH,ETH.4_1,5259,5,259,Fruits and their products,"Palm nuts, pulp, raw",2,7,9
ETH,ETH.4_1,5236,5,236,Fruits and their products,"Papaya, fruit, ripe, raw",2,2,4
ETH,ETH.4_1,5263,5,263,Fruits and their products,"Shea fruit pulp, raw",3,12,2
ETH,ETH.4_1,5239,5,239,Fruits and their products,"Tamarind, immature fruit, raw",1,2,4
ETH,ETH.4_1,3111,3,111,Legumes and their products,"Bambara groundnut, dried, raw ",4,8,10
ETH,ETH.4_1,3132,3,132,Legumes and their products,"Beans, white, dried",3,11,1
ETH,ETH.4_1,3115,3,115,Legumes and their products,"Cowpea, black, dried, raw",3,4,6
ETH,ETH.4_1,3116,3,116,Legumes and their products,"Cowpea, white, dried, raw",2,8,10
ETH,ETH.4_1,7309,7,309,Meat and poultry and their products,"Beef, kidney, raw",4,10,12
ETH,ETH.4_1,7334,7,334,Meat and poultry and their products,"Crocodile, raw",2,6,8
ETH,ETH.4_1,7346,7,346,Meat and poultry and their products,"Mopanie worm, canned",2,0,2
ETH,ETH.4_1,10419,10,419,Milk and their products,"Milk, cow, canned, condensed, sweetened",4,9,11
ETH,ETH.4_1,10407,10,407,Milk and their products,"Milk, goat, raw",4,7,9
ETH,ETH.4_1,12459,12,459,Miscellaneous,"Bay leaf, dried",2,6,8
ETH,ETH.4_1,12467,12,467,Miscellaneous,"Mustard, prepared, yellow",2,1,3
ETH,ETH.4_1,12456,12,456,Miscellaneous,Sugar,3,9,11
ETH,ETH.4_1,6270,6,270,"Nuts, seeds and their products",Coconut water,2,11,1
ETH,ETH.4_1,6278,6,278,"Nuts, seeds and their products","Colanut, raw",4,9,11
ETH,ETH.4_1,6275,6,275,"Nuts, seeds and their products","Melon seeds, slightly salted, raw",1,2,4
ETH,ETH.4_1,6277,6,277,"Nuts, seeds and their products","Shea nut, seed kernel, dried, raw",3,10,12
ETH,ETH.4_1,2095,2,95,"Starchy roots, tubers and their products","Cassava sweet, tuber, dried",2,1,3
ETH,ETH.4_1,4151,4,151,Vegetables and their products,"Baobab, leaves,  raw",1,1,3
ETH,ETH.4_1,4159,4,159,Vegetables and their products,"Cocoyam, leaves, raw",3,11,1
ETH,ETH.4_1,4165,4,165,Vegetables and their products,"Garlic, raw",3,8,10
ETH,ETH.4_1,4188,4,188,Vegetables and their products,"Jute (bush-okra) leaves, raw",3,4,6
ETH,ETH.4_1,4194,4,194,Vegetables and their products,"Onions, dried",3,1,3
ETH,ETH.4_1,4201,4,201,Vegetables and their products,"Pumpkin, squash, raw",3,7,9
ETH,ETH.8_1,11436,11,436,Beverages,Beer european (4.4 % alcohol),1,11,1
ETH,ETH.8_1,11447,11,447,Beverages,"Juice, apple, canned or bottled",3,3,5
ETH,ETH.8_1,11446,11,446,Beverages,"Juice, orange, unsweetened",2,2,4
ETH,ETH.8_1,1044,1,44,Cereals and their products,"Bread, maize flour, yellow, with milk and egg",3,9,11
ETH,ETH.8_1,1067,1,67,Cereals and their products,"Rice, red native,  milled, raw",1,8,10
ETH,ETH.8_1,1043,1,43,Cereals and their products,"Wheat flour, white",2,4,6
ETH,ETH.8_1,9369,9,369,Fish and their products,"Anchovy, canned in oil (drained solids)",3,3,5
ETH,ETH.8_1,9386,9,386,Fish and their products,"Mudfish, raw",4,6,8
ETH,ETH.8_1,9389,9,389,Fish and their products,"Perch, Nile, raw",4,8,10
ETH,ETH.8_1,5245,5,245,Fruits and their products,"Apple, with skin, raw",1,4,6
ETH,ETH.8_1,5224,5,224,Fruits and their products,"Baobab, fruit/Monkey bread, pulp, raw",1,11,1
ETH,ETH.8_1,5250,5,250,Fruits and their products,"Dates, dried",1,1,3
ETH,ETH.8_1,5252,5,252,Fruits and their products,"Fig, dried ",4,7,9
ETH,ETH.8_1,5230,5,230,Fruits and their products,"Gumvine, raw",3,6,8
ETH,ETH.8_1,5258,5,258,Fruits and their products,"Melon, cantaloup, raw",1,7,9
ETH,ETH.8_1,3112,3,112,Legumes and their products,"Bambara groundnut, red, dried, raw",1,12,2
ETH,ETH.8_1,3137,3,137,Legumes and their products,"Cowpea, brown, dried, raw",1,2,4
ETH,ETH.8_1,7304,7,304,Meat and poultry and their products,"Beef, meat, approx. 30 % fat, boneless, raw",4,10,12
ETH,ETH.8_1,7307,7,307,Meat and poultry and their products,"Beef, meat, lean, cured, dried",2,1,3
ETH,ETH.8_1,7293,7,293,Meat and poultry and their products,"Chicken, dark meat, flesh, raw",3,1,3
ETH,ETH.8_1,7331,7,331,Meat and poultry and their products,"Chicken, liver, raw",2,7,9
ETH,ETH.8_1,7334,7,334,Meat and poultry and their products,"Crocodile, raw",2,7,9
ETH,ETH.8_1,7297,7,297,Meat and poultry and their products,"Rabbit, flesh only, raw",2,1,3
ETH,ETH.8_1,10426,10,426,Milk and their products,"Butter, from cow's milk (without salt)",1,0,2
ETH,ETH.8_1,10415,10,415,Milk and their products,"Infant formula, powder, for 3 months",4,9,11
ETH,ETH.8_1,12461,12,461,Miscellaneous,"Cinnamon, ground",2,8,10
ETH,ETH.8_1,12463,12,463,Miscellaneous,"Cumin, seed",2,8,10
ETH,ETH.8_1,12466,12,466,Miscellaneous,"Mustard, powder",4,2,4
ETH,ETH.8_1,12468,12,468,Miscellaneous,"Pepper, black",1,1,3
ETH,ETH.8_1,12456,12,456,Miscellaneous,Sugar,3,2,4
ETH,ETH.8_1,12472,12,472,Miscellaneous,"Yeast extract, Marmite",3,11,1
ETH,ETH.8_1,6269,6,269,"Nuts, seeds and their products",Coconut milk ,2,7,9
ETH,ETH.8_1,6271,6,271,"Nuts, seeds and their products","Dikanut, kernel, dried, raw",2,5,7
ETH,ETH.8_1,6286,6,286,"Nuts, seeds and their products",Groundnut paste,2,4,6
ETH,ETH.8_1,6274,6,274,"Nuts, seeds and their products","Groundnut, red, shelled, dried, raw (Benin)",2,6,8
ETH,ETH.8_1,6273,6,273,"Nuts, seeds and their products","Groundnut, rose, shelled, dried, raw (Benin)",4,6,8
ETH,ETH.8_1,6276,6,276,"Nuts, seeds and their products","Sesame seeds, whole, dried, raw",1,4,6
ETH,ETH.8_1,2095,2,95,"Starchy roots, tubers and their products","Cassava sweet, tuber, dried",1,9,11
ETH,ETH.8_1,2078,2,78,"Starchy roots, tubers and their products","Cassava, tuber, dried",3,8,10
ETH,ETH.8_1,2083,2,83,"Starchy roots, tubers and their products","Potato, raw",4,5,7
ETH,ETH.8_1,4156,4,156,Vegetables and their products,"Carrot, raw",3,8,10
ETH,ETH.8_1,4167,4,167,Vegetables and their products,"Okra fruit, raw",1,3,5
ETH,ETH.8_1,4154,4,154,Vegetables and their products,"Okra leaves, raw",2,2,4
ETH,ETH.8_1,4209,4,209,Vegetables and their products,"Sweet potato, leaves, raw",1,10,12
ETH,ETH.8_1,4170,4,170,Vegetables and their products,"Taro, leaves, raw",1,7,9
ETH,ETH.6_1,11444,11,444,Beverages,"Coffee, liquid",3,10,12
ETH,ETH.6_1,11449,11,449,Beverages,"Nectar, Mango, canned",4,2,4
ETH,ETH.6_1,1039,1,39,Cereals and their products,"Sorghum, whole grain, raw ",1,12,2
ETH,ETH.6_1,1040,1,40,Cereals and their products,"Sorghum, whole grain, white, raw",2,9,11
ETH,ETH.6_1,1073,1,73,Cereals and their products,"Wheat, bran",1,11,1
ETH,ETH.6_1,8354,8,354,Eggs and their products,"Egg, chicken, raw",4,10,12
ETH,ETH.6_1,9364,9,364,Fish and their products,"African carp, raw",3,4,6
ETH,ETH.6_1,9369,9,369,Fish and their products,"Anchovy, canned in oil (drained solids)",2,3,5
ETH,ETH.6_1,9358,9,358,Fish and their products,"Anchovy, fillet, raw",3,5,7
ETH,ETH.6_1,9389,9,389,Fish and their products,"Perch, Nile, raw",2,9,11
ETH,ETH.6_1,5243,5,243,Fruits and their products,"African locust bean, flour from fruit, pulp",3,10,12
ETH,ETH.6_1,5221,5,221,Fruits and their products,"African locust bean, fruit, pulp, raw",4,7,9
ETH,ETH.6_1,5245,5,245,Fruits and their products,"Apple, with skin, raw",2,0,2
ETH,ETH.6_1,5222,5,222,Fruits and their products,"Avocado, pulp, raw",1,7,9
ETH,ETH.6_1,5227,5,227,Fruits and their products,"Dattock, pulp, raw",3,6,8
ETH,ETH.6_1,5233,5,233,Fruits and their products,"Lemon, raw",2,5,7
ETH,ETH.6_1,5264,5,264,Fruits and their products,"Sweet apple, fruit, raw",2,0,2
ETH,ETH.6_1,3119,3,119,Legumes and their products,"African locust bean, seeds, dried",4,7,9
ETH,ETH.6_1,3111,3,111,Legumes and their products,"Bambara groundnut, dried, raw ",4,11,1
ETH,ETH.6_1,3116,3,116,Legumes and their products,"Cowpea, white, dried, raw",1,7,9
ETH,ETH.6_1,3140,3,140,Legumes and their products,"Lentils, dried, raw",1,2,4
ETH,ETH.6_1,3118,3,118,Legumes and their products,"Soya bean, dried, raw",2,4,6
ETH,ETH.6_1,7298,7,298,Meat and poultry and their products,"Ant flying, dried",4,11,1
ETH,ETH.6_1,7313,7,313,Meat and poultry and their products,"Beef,  ground, 10 % fat, raw",2,6,8
ETH,ETH.6_1,7304,7,304,Meat and poultry and their products,"Beef, meat, approx. 30 % fat, boneless, raw",4,3,5
ETH,ETH.6_1,7320,7,320,Meat and poultry and their products,"Chicken, dark meat, flesh and skin, raw",2,1,3
ETH,ETH.6_1,7336,7,336,Meat and poultry and their products,"Goat, meat, raw",2,7,9
ETH,ETH.6_1,7346,7,346,Meat and poultry and their products,"Mopanie worm, canned",4,11,1
ETH,ETH.6_1,10427,10,427,Milk and their products,Coconut oil,4,8,10
ETH,ETH.6_1,10431,10,431,Milk and their products,"Margarine, fortified",4,1,3
ETH,ETH.6_1,10421,10,421,Milk and their products,"Milk, cow powder, skimmed",1,2,4
ETH,ETH.6_1,10406,10,406,Milk and their products,"Milk, cow, powder, whole",4,10,12
ETH,ETH.6_1,10424,10,424,Milk and their products,Vacherin cheese,1,7,9
ETH,ETH.6_1,10425,10,425,Milk and their products,"Yoghurt, whole milk, with fruits",2,12,2
ETH,ETH.6_1,12463,12,463,Miscellaneous,"Cumin, seed",4,6,8
ETH,ETH.6_1,12467,12,467,Miscellaneous,"Mustard, prepared, yellow",3,8,10
ETH,ETH.6_1,12469,12,469,Miscellaneous,Salt,1,1,3
ETH,ETH.6_1,12470,12,470,Miscellaneous,"Spices, mix, ground",2,1,3
ETH,ETH.6_1,6265,6,265,"Nuts, seeds and their products","Cashew nut, raw",2,10,12
ETH,ETH.6_1,6268,6,268,"Nuts, seeds and their products","Coconut, kernel, dried, raw",2,6,8
ETH,ETH.6_1,6279,6,279,"Nuts, seeds and their products","Colanut, dried, raw",4,12,2
ETH,ETH.6_1,6272,6,272,"Nuts, seeds and their products","Groundnut, shelled, dried, raw",1,11,1
ETH,ETH.6_1,6274,6,274,"Nuts, seeds and their products","Groundnut, red, shelled, dried, raw (Benin)",2,0,2
ETH,ETH.6_1,6275,6,275,"Nuts, seeds and their products","Melon seeds, slightly salted, raw",3,7,9
ETH,ETH.6_1,2077,2,77,"Starchy roots, tubers and their products","Cassava, tuber, raw",4,7,9
ETH,ETH.6_1,2081,2,81,"Starchy roots, tubers and their products","Cocoyam, tuber, raw ",3,5,7
ETH,ETH.6_1,2091,2,91,"Starchy roots, tubers and their products","Water yam, tuber, raw",3,10,12
ETH,ETH.6_1,4153,4,153,Vegetables and their products,"Beans, green raw",2,11,1
ETH,ETH.6_1,4155,4,155,Vegetables and their products,"Cabbage, raw",4,8,10
ETH,ETH.6_1,4158,4,158,Vegetables and their products,"Cassava, leaves, raw",2,2,4
ETH,ETH.6_1,4163,4,163,Vegetables and their products,"Eggplant leaves, raw",1,8,10
ETH,ETH.6_1,4197,4,197,Vegetables and their products,"Pepper, sweet, red, raw",2,9,11
ETH,ETH.6_1,4207,4,207,Vegetables and their products,"Spinach, raw",4,10,12
ETH,ETH.6_1,4169,4,169,Vegetables and their products,"Tamarind, leaves, raw",1,2,4
ETH,ETH.6_1,4216,4,216,Vegetables and their products,"Tomato paste, concentrated",1,5,7
ETH,ETH.5_1,11447,11,447,Beverages,"Juice, apple, canned or bottled",2,2,4
ETH,ETH.5_1,11445,11,445,Beverages,"Juice, lemon, unsweetened",3,5,7
ETH,ETH.5_1,1044,1,44,Cereals and their products,"Bread, maize flour, yellow, with milk and egg",2,1,3
ETH,ETH.5_1,1052,1,52,Cereals and their products,"Macaroni, dried",3,1,3
ETH,ETH.5_1,1057,1,57,Cereals and their products,"Maize, white, flour of whole grain",4,9,11
ETH,ETH.5_1,1058,1,58,Cereals and their products,"Maize, white, flour refined",1,11,1
ETH,ETH.5_1,1060,1,60,Cereals and their products,"Maize, white, grit, degermed",3,4,6
ETH,ETH.5_1,1054,1,54,Cereals and their products,"Maize, yellow, flour of whole-grain",3,5,7
ETH,ETH.5_1,1006,1,6,Cereals and their products,"Maize, yellow, whole kernel, dried, raw",4,3,5
ETH,ETH.5_1,1063,1,63,Cereals and their products,"Pearl millet, flour (without bran)",3,4,6
ETH,ETH.5_1,1034,1,34,Cereals and their products,"Rice, brown, raw",2,3,5
ETH,ETH.5_1,1067,1,67,Cereals and their products,"Rice, red native,  milled, raw",3,1,3
ETH,ETH.5_1,1065,1,65,Cereals and their products,"Rice, red native, hulled, raw",2,10,12
ETH,ETH.5_1,1039,1,39,Cereals and their products,"Sorghum, whole grain, raw ",3,7,9
ETH,ETH.5_1,1040,1,40,Cereals and their products,"Sorghum, whole grain, white, raw",2,8,10
ETH,ETH.5_1,9359,9,359,Fish and their products,"Barracuda, raw",4,9,11
ETH,ETH.5_1,9389,9,389,Fish and their products,"Perch, Nile, raw",3,2,4
ETH,ETH.5_1,9394,9,394,Fish and their products,"Sardines in oil, canned (drained solids with bone)",3,6,8
ETH,ETH.5_1,5247,5,247,Fruits and their products,"Banana, yellow flesh, raw",3,9,11
ETH,ETH.5_1,5227,5,227,Fruits and their products,"Dattock, pulp, raw",2,1,3
ETH,ETH.5_1,5230,5,230,Fruits and their products,"Gumvine, raw",1,8,10
ETH,ETH.5_1,5234,5,234,Fruits and their products,"Mango, orange flesh,  raw",3,6,8
ETH,ETH.5_1,5237,5,237,Fruits and their products,"Pineapple, pulp, raw",4,0,2
ETH,ETH.5_1,5238,5,238,Fruits and their products,"Soapberry, fruit, raw",4,11,1
ETH,ETH.5_1,3113,3,113,Legumes and their products,"Bambara groundnuts, white, raw",2,3,5
ETH,ETH.5_1,3134,3,134,Legumes and their products,"Broad beans, dried, raw",3,8,10
ETH,ETH.5_1,3116,3,116,Legumes and their products,"Cowpea, white, dried, raw",2,12,2
ETH,ETH.5_1,3140,3,140,Legumes and their products,"Lentils, dried, raw",2,2,4
ETH,ETH.5_1,7291,7,291,Meat and poultry and their products,"Beef liver, raw",3,1,3
ETH,ETH.5_1,7313,7,313,Meat and poultry and their products,"Beef,  ground, 10 % fat, raw",2,9,11
ETH,ETH.5_1,7323,7,323,Meat and poultry and their products,"Chicken, light meat, flesh, raw",1,5,7
ETH,ETH.5_1,7343,7,343,Meat and poultry and their products,"Lamb, liver, raw",4,2,4
ETH,ETH.5_1,7345,7,345,Meat and poultry and their products,"Locust, raw",2,4,6
ETH,ETH.5_1,10419,10,419,Milk and their products,"Milk, cow, canned, condensed, sweetened",3,4,6
ETH,ETH.5_1,10420,10,420,Milk and their products,"Milk, cow, canned, evaporated",2,1,3
ETH,ETH.5_1,10407,10,407,Milk and their products,"Milk, goat, raw",1,2,4
ETH,ETH.5_1,10408,10,408,Milk and their products,"Milk, human, mature, raw",2,3,5
ETH,ETH.5_1,10429,10,429,Milk and their products,"Palm oil, red",3,10,12
ETH,ETH.5_1,10409,10,409,Milk and their products,"Yoghurt, whole milk, plain",1,12,2
ETH,ETH.5_1,10425,10,425,Milk and their products,"Yoghurt, whole milk, with fruits",4,7,9
ETH,ETH.5_1,12460,12,460,Miscellaneous,"Chilli pepper, dried",1,10,12
ETH,ETH.5_1,12463,12,463,Miscellaneous,"Cumin, seed",1,1,3
ETH,ETH.5_1,12456,12,456,Miscellaneous,Sugar,4,4,6
ETH,ETH.5_1,6265,6,265,"Nuts, seeds and their products","Cashew nut, raw",4,8,10
ETH,ETH.5_1,6269,6,269,"Nuts, seeds and their products",Coconut milk ,1,10,12
ETH,ETH.5_1,6266,6,266,"Nuts, seeds and their products","Coconut, mature kernel, fresh, raw",3,6,8
ETH,ETH.5_1,6286,6,286,"Nuts, seeds and their products",Groundnut paste,1,11,1
ETH,ETH.5_1,6274,6,274,"Nuts, seeds and their products","Groundnut, red, shelled, dried, raw (Benin)",3,3,5
ETH,ETH.5_1,6289,6,289,"Nuts, seeds and their products","Palm nut kernel, shelled, raw",4,2,4
ETH,ETH.5_1,2098,2,98,"Starchy roots, tubers and their products","Tiger nut, tuber, raw",4,11,1
ETH,ETH.5_1,2110,2,110,"Starchy roots, tubers and their products","Yam tuber, flour",4,8,10
ETH,ETH.5_1,4162,4,162,Vegetables and their products,"Eggplant, raw",3,8,10
ETH,ETH.5_1,4201,4,201,Vegetables and their products,"Pumpkin, squash, raw",3,5,7
ETH,ETH.5_1,4166,4,166,Vegetables and their products,"Roselle leaves, raw",2,1,3
ETH,ETH.5_1,4212,4,212,Vegetables and their products,"Tamarind, leaves, dried",3,5,7
ETH,ETH.5_1,4170,4,170,Vegetables and their products,"Taro, leaves, raw",4,8,10
ETH,ETH.5_1,4217,4,217,Vegetables and their products,"Tomato, powder",3,7,9
ETH,ETH.5_1,4171,4,171,Vegetables and their products,"Tomato, red, ripe, raw",2,9,11
ETH,ETH.5_1,4218,4,218,Vegetables and their products,"Turnip, raw ",2,5,7
ETH,ETH.7_1,11436,11,436,Beverages,Beer european (4.4 % alcohol),3,10,12
ETH,ETH.7_1,11444,11,444,Beverages,"Coffee, liquid",3,9,11
ETH,ETH.7_1,11449,11,449,Beverages,"Nectar, Mango, canned",4,11,1
ETH,ETH.7_1,11451,11,451,Beverages,Ovaltine beverage with partly skimmed milk (without sugar; fortified),1,11,1
ETH,ETH.7_1,11443,11,443,Beverages,"Tea, infusion",1,9,11
ETH,ETH.7_1,11454,11,454,Beverages,"Water, tap",3,4,6
ETH,ETH.7_1,1044,1,44,Cereals and their products,"Bread, maize flour, yellow, with milk and egg",2,6,8
ETH,ETH.7_1,1048,1,48,Cereals and their products,"Bread, wheat, wholemeal",2,7,9
ETH,ETH.7_1,1051,1,51,Cereals and their products,"Fonio, husked grains, boiled* (without salt)",1,4,6
ETH,ETH.7_1,1014,1,14,Cereals and their products,"Maize, combined varieties, whole kernel, dried, raw",4,9,11
ETH,ETH.7_1,1059,1,59,Cereals and their products,"Maize, white, flour degermed ",2,5,7
ETH,ETH.7_1,1015,1,15,Cereals and their products,"Millet, whole grain, raw",4,7,9
ETH,ETH.7_1,1017,1,17,Cereals and their products,"Pearl millet, whole grain, raw (with bran)",3,10,12
ETH,ETH.7_1,1034,1,34,Cereals and their products,"Rice, brown, raw",2,2,4
ETH,ETH.7_1,9358,9,358,Fish and their products,"Anchovy, fillet, raw",3,12,2
ETH,ETH.7_1,9375,9,375,Fish and their products,"Catfish, raw",4,12,2
ETH,ETH.7_1,9382,9,382,Fish and their products,"Mackerel, grilled* (without salt and fat)",1,3,5
ETH,ETH.7_1,5244,5,244,Fruits and their products,"Akee, pulp, raw",2,6,8
ETH,ETH.7_1,5224,5,224,Fruits and their products,"Baobab, fruit/Monkey bread, pulp, raw",1,9,11
ETH,ETH.7_1,5252,5,252,Fruits and their products,"Fig, dried ",1,8,10
ETH,ETH.7_1,5229,5,229,Fruits and their products,"Guava, fruit, raw",2,2,4
ETH,ETH.7_1,5255,5,255,Fruits and their products,"Mango, deep orange flesh",2,7,9
ETH,ETH.7_1,5258,5,258,Fruits and their products,"Melon, cantaloup, raw",3,11,1
ETH,ETH.7_1,5257,5,257,Fruits and their products,"Melon, honeydew, raw",4,11,1
ETH,ETH.7_1,5235,5,235,Fruits and their products,"Orange, raw",2,10,12
ETH,ETH.7_1,5240,5,240,Fruits and their products,"Tamarind, fruit, ripe, raw",3,10,12
ETH,ETH.7_1,5239,5,239,Fruits and their products,"Tamarind, immature fruit, raw",1,2,4
ETH,ETH.7_1,3120,3,120,Legumes and their products,"African yam bean, dried, raw",2,7,9
ETH,ETH.7_1,3112,3,112,Legumes and their products,"Bambara groundnut, red, dried, raw",1,5,7
ETH,ETH.7_1,3113,3,113,Legumes and their products,"Bambara groundnuts, white, raw",3,1,3
ETH,ETH.7_1,7304,7,304,Meat and poultry and their products,"Beef, meat, approx. 30 % fat, boneless, raw",3,4,6
ETH,ETH.7_1,7307,7,307,Meat and poultry and their products,"Beef, meat, lean, cured, dried",3,10,12
ETH,ETH.7_1,7320,7,320,Meat and poultry and their products,"Chicken, dark meat, flesh and skin, raw",2,3,5
ETH,ETH.7_1,7331,7,331,Meat and poultry and their products,"Chicken, liver, raw",1,12,2
ETH,ETH.7_1,7294,7,294,Meat and poultry and their products,"Lamb/mutton, meat, moderately fat, raw",3,10,12
ETH,ETH.7_1,7345,7,345,Meat and poultry and their products,"Locust, raw",4,4,6
ETH,ETH.7_1,7296,7,296,Meat and poultry and their products,"Pork, meat, approx. 20 % fat, boneless, raw",1,5,7
ETH,ETH.7_1,10410,10,410,Milk and their products,Cheddar,1,11,1
ETH,ETH.7_1,10412,10,412,Milk and their products,"Cheese, Gouda",4,10,12
ETH,ETH.7_1,10419,10,419,Milk and their products,"Milk, cow, canned, condensed, sweetened",2,4,6
ETH,ETH.7_1,10406,10,406,Milk and their products,"Milk, cow, powder, whole",4,10,12
ETH,ETH.7_1,10405,10,405,Milk and their products,"Milk, cow, whole, 3.5 % fat (includes pasteurised, sterilised and UHT)",4,4,6
ETH,ETH.7_1,10407,10,407,Milk and their products,"Milk, goat, raw",1,4,6
ETH,ETH.7_1,10435,10,435,Milk and their products,Vegetable oil,4,8,10
ETH,ETH.7_1,12460,12,460,Miscellaneous,"Chilli pepper, dried",2,11,1
ETH,ETH.7_1,12464,12,464,Miscellaneous,"Ginger, root, raw",3,4,6
ETH,ETH.7_1,12455,12,455,Miscellaneous,Honey,1,10,12
ETH,ETH.7_1,12467,12,467,Miscellaneous,"Mustard, prepared, yellow",1,0,2
ETH,ETH.7_1,12470,12,470,Miscellaneous,"Spices, mix, ground",2,4,6
ETH,ETH.7_1,12456,12,456,Miscellaneous,Sugar,2,3,5
ETH,ETH.7_1,12471,12,471,Miscellaneous,"Yeast, dried",1,5,7
ETH,ETH.7_1,6269,6,269,"Nuts, seeds and their products",Coconut milk ,1,10,12
ETH,ETH.7_1,6267,6,267,"Nuts, seeds and their products","Coconut, immature kernel, fresh, raw",3,7,9
ETH,ETH.7_1,6268,6,268,"Nuts, seeds and their products","Coconut, kernel, dried, raw",1,10,12
ETH,ETH.7_1,6274,6,274,"Nuts, seeds and their products","Groundnut, red, shelled, dried, raw (Benin)",2,1,3
ETH,ETH.7_1,2080,2,80,"Starchy roots, tubers and their products",Cassava flour,3,2,4
ETH,ETH.7_1,2078,2,78,"Starchy roots, tubers and their products","Cassava, tuber, dried",2,7,9
ETH,ETH.7_1,2100,2,100,"Starchy roots, tubers and their products","Tiger nut, tuber dried",3,11,1
ETH,ETH.7_1,2110,2,110,"Starchy roots, tubers and their products","Yam tuber, flour",1,7,9
ETH,ETH.7_1,4160,4,160,Vegetables and their products,"Cowpea, leaves, raw",3,0,2
ETH,ETH.7_1,4162,4,162,Vegetables and their products,"Eggplant, raw",4,12,2
ETH,ETH.7_1,4154,4,154,Vegetables and their products,"Okra leaves, raw",4,4,6
ETH,ETH.7_1,4209,4,209,Vegetables and their products,"Sweet potato, leaves, raw",3,8,10
ETH,ETH.7_1,4212,4,212,Vegetables and their products,"Tamarind, leaves, dried",1,2,4
ETH,ETH.7_1,4169,4,169,Vegetables and their products,"Tamarind, leaves, raw",2,1,3
ETH,ETH.7_1,4218,4,218,Vegetables and their products,"Turnip, raw ",4,5,7
ETH,ETH.10_1,11436,11,436,Beverages,Beer european (4.4 % alcohol),2,2,4
ETH,ETH.10_1,11437,11,437,Beverages,"Beer, maize  (est. 3 % alcohol)",1,4,6
ETH,ETH.10_1,11438,11,438,Beverages,"Beer, millet (est. 3 % alcohol)",3,2,4
ETH,ETH.10_1,11440,11,440,Beverages,"Coffee, instant, powder",3,12,2
ETH,ETH.10_1,11450,11,450,Beverages,Ovaltine beverage with whole milk (without sugar; fortified),4,9,11
ETH,ETH.10_1,11441,11,441,Beverages,Palm wine (est. 3.8 % alcohol),3,8,10
ETH,ETH.10_1,11442,11,442,Beverages,"Sap, palm, fresh (0.3 % alcohol)",3,7,9
ETH,ETH.10_1,1047,1,47,Cereals and their products,"Bread, wheat, white for toasting",3,5,7
ETH,ETH.10_1,1048,1,48,Cereals and their products,"Bread, wheat, wholemeal",1,2,4
ETH,ETH.10_1,1059,1,59,Cereals and their products,"Maize, white, flour degermed ",3,11,1
ETH,ETH.10_1,1057,1,57,Cereals and their products,"Maize, white, flour of whole grain",1,4,6
ETH,ETH.10_1,1076,1,76,Cereals and their products,"Maize, white, stiff porridge* (without salt)",4,10,12
ETH,ETH.10_1,1004,1,4,Cereals and their products,"Maize, white, whole kernel, dried, raw",3,5,7
ETH,ETH.10_1,1063,1,63,Cereals and their products,"Pearl millet, flour (without bran)",4,5,7
ETH,ETH.10_1,1067,1,67,Cereals and their products,"Rice, red native,  milled, raw",2,2,4
ETH,ETH.10_1,1065,1,65,Cereals and their products,"Rice, red native, hulled, raw",1,7,9
ETH,ETH.10_1,9369,9,369,Fish and their products,"Anchovy, canned in oil (drained solids)",3,2,4
ETH,ETH.10_1,9375,9,375,Fish and their products,"Catfish, raw",2,2,4
ETH,ETH.10_1,9389,9,389,Fish and their products,"Perch, Nile, raw",1,9,11
ETH,ETH.10_1,9361,9,361,Fish and their products,"Sardine, raw",4,10,12
ETH,ETH.10_1,9394,9,394,Fish and their products,"Sardines in oil, canned (drained solids with bone)",3,6,8
ETH,ETH.10_1,9395,9,395,Fish and their products,"Shiny-nose, raw",1,5,7
ETH,ETH.10_1,9362,9,362,Fish and their products,"Tuna, raw",3,10,12
ETH,ETH.10_1,5244,5,244,Fruits and their products,"Akee, pulp, raw",2,9,11
ETH,ETH.10_1,5247,5,247,Fruits and their products,"Banana, yellow flesh, raw",2,9,11
ETH,ETH.10_1,5224,5,224,Fruits and their products,"Baobab, fruit/Monkey bread, pulp, raw",2,12,2
ETH,ETH.10_1,5252,5,252,Fruits and their products,"Fig, dried ",1,7,9
ETH,ETH.10_1,5231,5,231,Fruits and their products,"Jujube, raw",3,1,3
ETH,ETH.10_1,5237,5,237,Fruits and their products,"Pineapple, pulp, raw",4,7,9
ETH,ETH.10_1,5261,5,261,Fruits and their products,"Plantain, ripe, raw",4,4,6
ETH,ETH.10_1,5260,5,260,Fruits and their products,"Pomegranate, raw",2,3,5
ETH,ETH.10_1,5238,5,238,Fruits and their products,"Soapberry, fruit, raw",4,5,7
ETH,ETH.10_1,5264,5,264,Fruits and their products,"Sweet apple, fruit, raw",4,8,10
ETH,ETH.10_1,5240,5,240,Fruits and their products,"Tamarind, fruit, ripe, raw",1,7,9
ETH,ETH.10_1,3119,3,119,Legumes and their products,"African locust bean, seeds, dried",2,1,3
ETH,ETH.10_1,3111,3,111,Legumes and their products,"Bambara groundnut, dried, raw ",4,4,6
ETH,ETH.10_1,3115,3,115,Legumes and their products,"Cowpea, black, dried, raw",2,1,3
ETH,ETH.10_1,7304,7,304,Meat and poultry and their products,"Beef, meat, approx. 30 % fat, boneless, raw",4,6,8
ETH,ETH.10_1,7326,7,326,Meat and poultry and their products,"Chicken, light meat, flesh and skin, raw",2,7,9
ETH,ETH.10_1,7296,7,296,Meat and poultry and their products,"Pork, meat, approx. 20 % fat, boneless, raw",1,8,10
ETH,ETH.10_1,10410,10,410,Milk and their products,Cheddar,4,10,12
ETH,ETH.10_1,10411,10,411,Milk and their products,"Cheese, goat, hard type",3,8,10
ETH,ETH.10_1,10428,10,428,Milk and their products,Groundnut oil,1,4,6
ETH,ETH.10_1,10422,10,422,Milk and their products,"Milk, camel, raw (average of different breeds)",2,11,1
ETH,ETH.10_1,10417,10,417,Milk and their products,"Milk, cow, partly skimmed, 1.5 % fat",3,3,5
ETH,ETH.10_1,10405,10,405,Milk and their products,"Milk, cow, whole, 3.5 % fat (includes pasteurised, sterilised and UHT)",1,11,1
ETH,ETH.10_1,10433,10,433,Milk and their products,Shea butter,3,1,3
ETH,ETH.10_1,10409,10,409,Milk and their products,"Yoghurt, whole milk, plain",4,6,8
ETH,ETH.10_1,12458,12,458,Miscellaneous,Anis seed,3,10,12
ETH,ETH.10_1,12459,12,459,Miscellaneous,"Bay leaf, dried",2,3,5
ETH,ETH.10_1,12464,12,464,Miscellaneous,"Ginger, root, raw",3,3,5
ETH,ETH.10_1,12455,12,455,Miscellaneous,Honey,1,9,11
ETH,ETH.10_1,12467,12,467,Miscellaneous,"Mustard, prepared, yellow",1,1,3
ETH,ETH.10_1,12469,12,469,Miscellaneous,Salt,2,11,1
ETH,ETH.10_1,6265,6,265,"Nuts, seeds and their products","Cashew nut, raw",1,3,5
ETH,ETH.10_1,6285,6,285,"Nuts, seeds and their products","Groundnut, combined varieties, shelled, dried, raw (Ghana)",3,3,5
ETH,ETH.10_1,6273,6,273,"Nuts, seeds and their products","Groundnut, rose, shelled, dried, raw (Benin)",1,3,5
ETH,ETH.10_1,2078,2,78,"Starchy roots, tubers and their products","Cassava, tuber, dried",1,6,8
ETH,ETH.10_1,2096,2,96,"Starchy roots, tubers and their products","Sweet potato, pale yellow, raw",4,7,9
ETH,ETH.10_1,2089,2,89,"Starchy roots, tubers and their products","Taro, tuber, raw",3,1,3
ETH,ETH.10_1,4152,4,152,Vegetables and their products,"Baobab leaves, dried",2,7,9
ETH,ETH.10_1,4182,4,182,Vegetables and their products,"Cucumber, raw",3,9,11
ETH,ETH.10_1,4188,4,188,Vegetables and their products,"Jute (bush-okra) leaves, raw",1,6,8
ETH,ETH.10_1,4199,4,199,Vegetables and their products,"Pepper, sweet, green, raw",1,7,9
ETH,ETH.10_1,4197,4,197,Vegetables and their products,"Pepper, sweet, red, raw",3,10,12
ETH,ETH.10_1,4201,4,201,Vegetables and their products,"Pumpkin, squash, raw",4,4,6
ETH,ETH.10_1,4166,4,166,Vegetables and their products,"Roselle leaves, raw",2,7,9
ETH,ETH.9_1,11438,11,438,Beverages,"Beer, millet (est. 3 % alcohol)",2,11,1
ETH,ETH.9_1,11453,11,453,Beverages,"Ovaltine powder, fortified",3,7,9
ETH,ETH.9_1,1044,1,44,Cereals and their products,"Bread, maize flour, yellow, with milk and egg",1,4,6
ETH,ETH.9_1,1045,1,45,Cereals and their products,"Bread/rolls, white",2,9,11
ETH,ETH.9_1,1001,1,1,Cereals and their products,"Fonio, white, whole grain, raw",4,1,3
ETH,ETH.9_1,1060,1,60,Cereals and their products,"Maize, white, grit, degermed",1,0,2
ETH,ETH.9_1,1004,1,4,Cereals and their products,"Maize, white, whole kernel, dried, raw",1,3,5
ETH,ETH.9_1,1075,1,75,Cereals and their products,"Maize, yellow, stiff porridge* (without salt)",1,2,4
ETH,ETH.9_1,8354,8,354,Eggs and their products,"Egg, chicken, raw",2,8,10
ETH,ETH.9_1,9364,9,364,Fish and their products,"African carp, raw",3,3,5
ETH,ETH.9_1,9382,9,382,Fish and their products,"Mackerel, grilled* (without salt and fat)",1,3,5
ETH,ETH.9_1,9394,9,394,Fish and their products,"Sardines in oil, canned (drained solids with bone)",2,1,3
ETH,ETH.9_1,9395,9,395,Fish and their products,"Shiny-nose, raw",4,2,4
ETH,ETH.9_1,5242,5,242,Fruits and their products,"African fan palm, fruit, pulp, raw",3,5,7
ETH,ETH.9_1,5222,5,222,Fruits and their products,"Avocado, pulp, raw",2,0,2
ETH,ETH.9_1,5226,5,226,Fruits and their products,"Cashew apple, pulp, raw",1,7,9
ETH,ETH.9_1,5232,5,232,Fruits and their products,"Landolphia, pulp, raw",4,3,5
ETH,ETH.9_1,5255,5,255,Fruits and their products,"Mango, deep orange flesh",3,10,12
ETH,ETH.9_1,5256,5,256,Fruits and their products,"Mango, pale flesh, raw",4,8,10
ETH,ETH.9_1,5259,5,259,Fruits and their products,"Palm nuts, pulp, raw",2,7,9
ETH,ETH.9_1,5264,5,264,Fruits and their products,"Sweet apple, fruit, raw",1,11,1
ETH,ETH.9_1,3120,3,120,Legumes and their products,"African yam bean, dried, raw",3,1,3
ETH,ETH.9_1,3115,3,115,Legumes and their products,"Cowpea, black, dried, raw",4,7,9
ETH,ETH.9_1,7323,7,323,Meat and poultry and their products,"Chicken, light meat, flesh, raw",3,1,3
ETH,ETH.9_1,7345,7,345,Meat and poultry and their products,"Locust, raw",1,1,3
ETH,ETH.9_1,7296,7,296,Meat and poultry and their products,"Pork, meat, approx. 20 % fat, boneless, raw",1,1,3
ETH,ETH.9_1,10412,10,412,Milk and their products,"Cheese, Gouda",2,8,10
ETH,ETH.9_1,10418,10,418,Milk and their products,"Milk, cow,  skimmed, 0.5 % fat",3,9,11
ETH,ETH.9_1,10407,10,407,Milk and their products,"Milk, goat, raw",3,4,6
ETH,ETH.9_1,10408,10,408,Milk and their products,"Milk, human, mature, raw",1,12,2
ETH,ETH.9_1,10429,10,429,Milk and their products,"Palm oil, red",3,11,1
ETH,ETH.9_1,10433,10,433,Milk and their products,Shea butter,1,6,8
ETH,ETH.9_1,10424,10,424,Milk and their products,Vacherin cheese,4,0,2
ETH,ETH.9_1,12460,12,460,Miscellaneous,"Chilli pepper, dried",4,9,11
ETH,ETH.9_1,12463,12,463,Miscellaneous,"Cumin, seed",3,11,1
ETH,ETH.9_1,6269,6,269,"Nuts, seeds and their products",Coconut milk ,2,6,8
ETH,ETH.9_1,6274,6,274,"Nuts, seeds and their products","Groundnut, red, shelled, dried, raw (Benin)",3,1,3
ETH,ETH.9_1,6273,6,273,"Nuts, seeds and their products","Groundnut, rose, shelled, dried, raw (Benin)",1,8,10
ETH,ETH.9_1,2093,2,93,"Starchy roots, tubers and their products","Yam tuber, raw",3,8,10
ETH,ETH.9_1,4155,4,155,Vegetables and their products,"Cabbage, raw",2,5,7
ETH,ETH.9_1,4158,4,158,Vegetables and their products,"Cassava, leaves, raw",3,6,8
ETH,ETH.9_1,4186,4,186,Vegetables and their products,"False sesame, leaves, raw",4,9,11
ETH,ETH.9_1,4188,4,188,Vegetables and their products,"Jute (bush-okra) leaves, raw",3,10,12
ETH,ETH.9_1,4197,4,197,Vegetables and their products,"Pepper, sweet, red, raw",4,11,1
ETH,ETH.9_1,4203,4,203,Vegetables and their products,"Pumpkin leaves, raw",3,6,8
ETH,ETH.9_1,4216,4,216,Vegetables and their products,"Tomato paste, concentrated",1,3,5
ETH,ETH.9_1,4218,4,218,Vegetables and their products,"Turnip, raw ",2,9,11
ETH,ETH.11_1,11440,11,440,Beverages,"Coffee, instant, powder",2,7,9
ETH,ETH.11_1,11445,11,445,Beverages,"Juice, lemon, unsweetened",3,11,1
ETH,ETH.11_1,11446,11,446,Beverages,"Juice, orange, unsweetened",2,2,4
ETH,ETH.11_1,11449,11,449,Beverages,"Nectar, Mango, canned",3,4,6
ETH,ETH.11_1,11441,11,441,Beverages,Palm wine (est. 3.8 % alcohol),4,6,8
ETH,ETH.11_1,11443,11,443,Beverages,"Tea, infusion",1,11,1
ETH,ETH.11_1,1075,1,75,Cereals and their products,"Maize, yellow, stiff porridge* (without salt)",3,6,8
ETH,ETH.11_1,1063,1,63,Cereals and their products,"Pearl millet, flour (without bran)",2,5,7
ETH,ETH.11_1,1067,1,67,Cereals and their products,"Rice, red native,  milled, raw",2,9,11
ETH,ETH.11_1,1072,1,72,Cereals and their products,"Sorghum, flour, degermed",4,9,11
ETH,ETH.11_1,1039,1,39,Cereals and their products,"Sorghum, whole grain, raw ",4,12,2
ETH,ETH.11_1,1040,1,40,Cereals and their products,"Sorghum, whole grain, white, raw",3,1,3
ETH,ETH.11_1,9359,9,359,Fish and their products,"Barracuda, raw",3,7,9
ETH,ETH.11_1,9386,9,386,Fish and their products,"Mudfish, raw",1,5,7
ETH,ETH.11_1,9395,9,395,Fish and their products,"Shiny-nose, raw",3,1,3
ETH,ETH.11_1,5221,5,221,Fruits and their products,"African locust bean, fruit, pulp, raw",2,1,3
ETH,ETH.11_1,5245,5,245,Fruits and their products,"Apple, with skin, raw",4,5,7
ETH,ETH.11_1,5225,5,225,Fruits and their products,"Breadfruit, raw",1,9,11
ETH,ETH.11_1,5250,5,250,Fruits and their products,"Dates, dried",1,9,11
ETH,ETH.11_1,5253,5,253,Fruits and their products,"Fruit cocktail, canned in syrup",3,4,6
ETH,ETH.11_1,5233,5,233,Fruits and their products,"Lemon, raw",3,7,9
ETH,ETH.11_1,5235,5,235,Fruits and their products,"Orange, raw",3,10,12
ETH,ETH.11_1,5260,5,260,Fruits and their products,"Pomegranate, raw",2,7,9
ETH,ETH.11_1,5263,5,263,Fruits and their products,"Shea fruit pulp, raw",2,6,8
ETH,ETH.11_1,5238,5,238,Fruits and their products,"Soapberry, fruit, raw",2,9,11
ETH,ETH.11_1,5264,5,264,Fruits and their products,"Sweet apple, fruit, raw",1,2,4
ETH,ETH.11_1,3119,3,119,Legumes and their products,"African locust bean, seeds, dried",4,6,8
ETH,ETH.11_1,3113,3,113,Legumes and their products,"Bambara groundnuts, white, raw",3,1,3
ETH,ETH.11_1,3132,3,132,Legumes and their products,"Beans, white, dried",2,3,5
ETH,ETH.11_1,3114,3,114,Legumes and their products,"Cowpea, dried, raw",4,9,11
ETH,ETH.11_1,3142,3,142,Legumes and their products,"Pigeon pea, dried, raw",4,12,2
ETH,ETH.11_1,7313,7,313,Meat and poultry and their products,"Beef,  ground, 10 % fat, raw",1,6,8
ETH,ETH.11_1,7307,7,307,Meat and poultry and their products,"Beef, meat, lean, cured, dried",3,9,11
ETH,ETH.11_1,7294,7,294,Meat and poultry and their products,"Lamb/mutton, meat, moderately fat, raw",3,9,11
ETH,ETH.11_1,7333,7,333,Meat and poultry and their products,"Mole cricket, blanched",1,3,5
ETH,ETH.11_1,10426,10,426,Milk and their products,"Butter, from cow's milk (without salt)",2,4,6
ETH,ETH.11_1,10428,10,428,Milk and their products,Groundnut oil,2,3,5
ETH,ETH.11_1,10417,10,417,Milk and their products,"Milk, cow, partly skimmed, 1.5 % fat",1,6,8
ETH,ETH.11_1,10423,10,423,Milk and their products,"Milk, human, colostrum, raw",3,3,5
ETH,ETH.11_1,10408,10,408,Milk and their products,"Milk, human, mature, raw",3,6,8
ETH,ETH.11_1,10434,10,434,Milk and their products,Soya oil,4,11,1
ETH,ETH.11_1,10425,10,425,Milk and their products,"Yoghurt, whole milk, with fruits",2,11,1
ETH,ETH.11_1,12459,12,459,Miscellaneous,"Bay leaf, dried",4,0,2
ETH,ETH.11_1,12461,12,461,Miscellaneous,"Cinnamon, ground",1,1,3
ETH,ETH.11_1,12467,12,467,Miscellaneous,"Mustard, prepared, yellow",3,7,9
ETH,ETH.11_1,12456,12,456,Miscellaneous,Sugar,4,6,8
ETH,ETH.11_1,12472,12,472,Miscellaneous,"Yeast extract, Marmite",3,9,11
ETH,ETH.11_1,6269,6,269,"Nuts, seeds and their products",Coconut milk ,2,9,11
ETH,ETH.11_1,6287,6,287,"Nuts, seeds and their products","Groundnut flour, with fat",2,6,8
ETH,ETH.11_1,6274,6,274,"Nuts, seeds and their products","Groundnut, red, shelled, dried, raw (Benin)",2,4,6
ETH,ETH.11_1,2077,2,77,"Starchy roots, tubers and their products","Cassava, tuber, raw",1,12,2
ETH,ETH.11_1,2083,2,83,"Starchy roots, tubers and their products","Potato, raw",1,10,12
ETH,ETH.11_1,2110,2,110,"Starchy roots, tubers and their products","Yam tuber, flour",2,10,12
ETH,ETH.11_1,4167,4,167,Vegetables and their products,"Okra fruit, raw",2,3,5
ETH,ETH.11_1,4154,4,154,Vegetables and their products,"Okra leaves, raw",4,3,5
ETH,ETH.11_1,4205,4,205,Vegetables and their products,"Pumpkin leaves, dried",4,5,7
ETH,ETH.11_1,4209,4,209,Vegetables and their products,"Sweet potato, leaves, raw",1,2,4
ETH,ETH.1_1,11446,11,446,Beverages,"Juice, orange, unsweetened",4,9,11
ETH,ETH.1_1,11453,11,453,Beverages,"Ovaltine powder, fortified",3,3,5
ETH,ETH.1_1,1048,1,48,Cereals and their products,"Bread, wheat, wholemeal",2,5,7
ETH,ETH.1_1,1052,1,52,Cereals and their products,"Macaroni, dried",2,5,7
ETH,ETH.1_1,1058,1,58,Cereals and their products,"Maize, white, flour refined",3,6,8
ETH,ETH.1_1,1060,1,60,Cereals and their products,"Maize, white, grit, degermed",1,1,3
ETH,ETH.1_1,1075,1,75,Cereals and their products,"Maize, yellow, stiff porridge* (without salt)",1,3,5
ETH,ETH.1_1,1006,1,6,Cereals and their products,"Maize, yellow, whole kernel, dried, raw",3,3,5
ETH,ETH.1_1,1032,1,32,Cereals and their products,"Pearl millet, combined varieties, whole grain, raw",1,3,5
ETH,ETH.1_1,1041,1,41,Cereals and their products,"Sorghum, whole grain, red, raw",3,9,11
ETH,ETH.1_1,9382,9,382,Fish and their products,"Mackerel, grilled* (without salt and fat)",3,11,1
ETH,ETH.1_1,9383,9,383,Fish and their products,"Mormyrids, raw",2,9,11
ETH,ETH.1_1,5243,5,243,Fruits and their products,"African locust bean, flour from fruit, pulp",1,3,5
ETH,ETH.1_1,5223,5,223,Fruits and their products,"Banana, white flesh, raw",4,9,11
ETH,ETH.1_1,5250,5,250,Fruits and their products,"Dates, dried",2,6,8
ETH,ETH.1_1,5227,5,227,Fruits and their products,"Dattock, pulp, raw",2,7,9
ETH,ETH.1_1,5253,5,253,Fruits and their products,"Fruit cocktail, canned in syrup",2,6,8
ETH,ETH.1_1,5254,5,254,Fruits and their products,"Grapefruit, pulp, raw",2,2,4
ETH,ETH.1_1,5258,5,258,Fruits and their products,"Melon, cantaloup, raw",2,8,10
ETH,ETH.1_1,5235,5,235,Fruits and their products,"Orange, raw",2,0,2
ETH,ETH.1_1,5264,5,264,Fruits and their products,"Sweet apple, fruit, raw",1,3,5
ETH,ETH.1_1,3112,3,112,Legumes and their products,"Bambara groundnut, red, dried, raw",3,8,10
ETH,ETH.1_1,3142,3,142,Legumes and their products,"Pigeon pea, dried, raw",1,9,11
ETH,ETH.1_1,7291,7,291,Meat and poultry and their products,"Beef liver, raw",2,8,10
ETH,ETH.1_1,7309,7,309,Meat and poultry and their products,"Beef, kidney, raw",4,7,9
ETH,ETH.1_1,7292,7,292,Meat and poultry and their products,"Beef, meat, 15-20  % fat, boneless, raw",3,9,11
ETH,ETH.1_1,7299,7,299,Meat and poultry and their products,"Beef, meat, lean, boneless, raw",3,6,8
ETH,ETH.1_1,7323,7,323,Meat and poultry and their products,"Chicken, light meat, flesh, raw",2,2,4
ETH,ETH.1_1,7334,7,334,Meat and poultry and their products,"Crocodile, raw",4,10,12
ETH,ETH.1_1,7317,7,317,Meat and poultry and their products,"Game meat, dried",3,7,9
ETH,ETH.1_1,7294,7,294,Meat and poultry and their products,"Lamb/mutton, meat, moderately fat, raw",3,1,3
ETH,ETH.1_1,10412,10,412,Milk and their products,"Cheese, Gouda",2,3,5
ETH,ETH.1_1,10419,10,419,Milk and their products,"Milk, cow, canned, condensed, sweetened",2,4,6
ETH,ETH.1_1,10406,10,406,Milk and their products,"Milk, cow, powder, whole",1,6,8
ETH,ETH.1_1,10408,10,408,Milk and their products,"Milk, human, mature, raw",2,6,8
ETH,ETH.1_1,12459,12,459,Miscellaneous,"Bay leaf, dried",2,4,6
ETH,ETH.1_1,12462,12,462,Miscellaneous,"Cube, beef, dry",3,3,5
ETH,ETH.1_1,12464,12,464,Miscellaneous,"Ginger, root, raw",3,1,3
ETH,ETH.1_1,12467,12,467,Miscellaneous,"Mustard, prepared, yellow",2,0,2
ETH,ETH.1_1,12456,12,456,Miscellaneous,Sugar,2,0,2
ETH,ETH.1_1,6269,6,269,"Nuts, seeds and their products",Coconut milk ,3,8,10
ETH,ETH.1_1,6288,6,288,"Nuts, seeds and their products","Groundnut flour, defatted",4,2,4
ETH,ETH.1_1,6286,6,286,"Nuts, seeds and their products",Groundnut paste,3,2,4
ETH,ETH.1_1,2081,2,81,"Starchy roots, tubers and their products","Cocoyam, tuber, raw ",4,10,12
ETH,ETH.1_1,2083,2,83,"Starchy roots, tubers and their products","Potato, raw",3,5,7
ETH,ETH.1_1,2089,2,89,"Starchy roots, tubers and their products","Taro, tuber, raw",3,8,10
ETH,ETH.1_1,2091,2,91,"Starchy roots, tubers and their products","Water yam, tuber, raw",3,1,3
ETH,ETH.1_1,2093,2,93,"Starchy roots, tubers and their products","Yam tuber, raw",3,5,7
ETH,ETH.1_1,4153,4,153,Vegetables and their products,"Beans, green raw",1,3,5
ETH,ETH.1_1,4155,4,155,Vegetables and their products,"Cabbage, raw",3,2,4
ETH,ETH.1_1,4182,4,182,Vegetables and their products,"Cucumber, raw",1,2,4
ETH,ETH.1_1,4188,4,188,Vegetables and their products,"Jute (bush-okra) leaves, raw",1,9,11
ETH,ETH.1_1,4199,4,199,Vegetables and their products,"Pepper, sweet, green, raw",1,3,5
ETH,ETH.1_1,4205,4,205,Vegetables and their products,"Pumpkin leaves, dried",3,3,5
ETH,ETH.1_1,4217,4,217,Vegetables and their products,"Tomato, powder",4,6,8
ETH,ETH.1_1,4171,4,171,Vegetables and their products,"Tomato, red, ripe, raw",4,11,1
RWA,RWA.1_1,11440,11,440,Beverages,"Coffee, instant, powder",4,10,12
RWA,RWA.1_1,11449,11,449,Beverages,"Nectar, Mango, canned",2,1,3
RWA,RWA.1_1,11453,11,453,Beverages,"Ovaltine powder, fortified",2,8,10
RWA,RWA.1_1,11442,11,442,Beverages,"Sap, palm, fresh (0.3 % alcohol)",3,1,3
RWA,RWA.1_1,1045,1,45,Cereals and their products,"Bread/rolls, white",2,1,3
RWA,RWA.1_1,1052,1,52,Cereals and their products,"Macaroni, dried",4,2,4
RWA,RWA.1_1,1063,1,63,Cereals and their products,"Pearl millet, flour (without bran)",2,5,7
RWA,RWA.1_1,9386,9,386,Fish and their products,"Mudfish, raw",3,3,5
RWA,RWA.1_1,5227,5,227,Fruits and their products,"Dattock, pulp, raw",3,2,4
RWA,RWA.1_1,5253,5,253,Fruits and their products,"Fruit cocktail, canned in syrup",2,7,9
RWA,RWA.1_1,5255,5,255,Fruits and their products,"Mango, deep orange flesh",2,5,7
RWA,RWA.1_1,5258,5,258,Fruits and their products,"Melon, cantaloup, raw",3,3,5
RWA,RWA.1_1,5263,5,263,Fruits and their products,"Shea fruit pulp, raw",2,4,6
RWA,RWA.1_1,5239,5,239,Fruits and their products,"Tamarind, immature fruit, raw",1,4,6
RWA,RWA.1_1,5241,5,241,Fruits and their products,"Watermelon, fruit, raw",4,9,11
RWA,RWA.1_1,3111,3,111,Legumes and their products,"Bambara groundnut, dried, raw ",2,5,7
RWA,RWA.1_1,3134,3,134,Legumes and their products,"Broad beans, dried, raw",3,10,12
RWA,RWA.1_1,3142,3,142,Legumes and their products,"Pigeon pea, dried, raw",3,2,4
RWA,RWA.1_1,3118,3,118,Legumes and their products,"Soya bean, dried, raw",4,2,4
RWA,RWA.1_1,7311,7,311,Meat and poultry and their products,"Beef, tripe, raw",2,11,1
RWA,RWA.1_1,7296,7,296,Meat and poultry and their products,"Pork, meat, approx. 20 % fat, boneless, raw",4,5,7
RWA,RWA.1_1,10410,10,410,Milk and their products,Cheddar,2,10,12
RWA,RWA.1_1,10414,10,414,Milk and their products,"Cream, 13 % fat",1,2,4
RWA,RWA.1_1,10428,10,428,Milk and their products,Groundnut oil,1,8,10
RWA,RWA.1_1,10415,10,415,Milk and their products,"Infant formula, powder, for 3 months",1,6,8
RWA,RWA.1_1,10416,10,416,Milk and their products,"Infant formula, powder, for 6 months",3,11,1
RWA,RWA.1_1,10406,10,406,Milk and their products,"Milk, cow, powder, whole",3,0,2
RWA,RWA.1_1,10407,10,407,Milk and their products,"Milk, goat, raw",2,8,10
RWA,RWA.1_1,10425,10,425,Milk and their products,"Yoghurt, whole milk, with fruits",2,3,5
RWA,RWA.1_1,12455,12,455,Miscellaneous,Honey,3,9,11
RWA,RWA.1_1,12466,12,466,Miscellaneous,"Mustard, powder",4,10,12
RWA,RWA.1_1,12467,12,467,Miscellaneous,"Mustard, prepared, yellow",3,5,7
RWA,RWA.1_1,12456,12,456,Miscellaneous,Sugar,1,8,10
RWA,RWA.1_1,6269,6,269,"Nuts, seeds and their products",Coconut milk ,4,1,3
RWA,RWA.1_1,6268,6,268,"Nuts, seeds and their products","Coconut, kernel, dried, raw",4,1,3
RWA,RWA.1_1,6266,6,266,"Nuts, seeds and their products","Coconut, mature kernel, fresh, raw",3,2,4
RWA,RWA.1_1,6287,6,287,"Nuts, seeds and their products","Groundnut flour, with fat",4,1,3
RWA,RWA.1_1,6274,6,274,"Nuts, seeds and their products","Groundnut, red, shelled, dried, raw (Benin)",4,4,6
RWA,RWA.1_1,6277,6,277,"Nuts, seeds and their products","Shea nut, seed kernel, dried, raw",4,6,8
RWA,RWA.1_1,2095,2,95,"Starchy roots, tubers and their products","Cassava sweet, tuber, dried",2,3,5
RWA,RWA.1_1,2083,2,83,"Starchy roots, tubers and their products","Potato, raw",4,9,11
RWA,RWA.1_1,2093,2,93,"Starchy roots, tubers and their products","Yam tuber, raw",3,10,12
RWA,RWA.1_1,4151,4,151,Vegetables and their products,"Baobab, leaves,  raw",1,7,9
RWA,RWA.1_1,4155,4,155,Vegetables and their products,"Cabbage, raw",3,4,6
RWA,RWA.1_1,4163,4,163,Vegetables and their products,"Eggplant leaves, raw",4,8,10
RWA,RWA.1_1,4164,4,164,Vegetables and their products,"False sesame, leaves, dried",3,3,5
RWA,RWA.1_1,4154,4,154,Vegetables and their products,"Okra leaves, raw",4,7,9
RWA,RWA.1_1,4197,4,197,Vegetables and their products,"Pepper, sweet, red, raw",4,8,10
RWA,RWA.1_1,4205,4,205,Vegetables and their products,"Pumpkin leaves, dried",2,8,10
RWA,RWA.1_1,4201,4,201,Vegetables and their products,"Pumpkin, squash, raw",4,9,11
RWA,RWA.1_1,4169,4,169,Vegetables and their products,"Tamarind, leaves, raw",1,4,6
RWA,RWA.1_1,4170,4,170,Vegetables and their products,"Taro, leaves, raw",3,7,9
RWA,RWA.1_1,4171,4,171,Vegetables and their products,"Tomato, red, ripe, raw",4,7,9
RWA,RWA.2_1,11437,11,437,Beverages,"Beer, maize  (est. 3 % alcohol)",2,1,3
RWA,RWA.2_1,11450,11,450,Beverages,Ovaltine beverage with whole milk (without sugar; fortified),1,1,3
RWA,RWA.2_1,1014,1,14,Cereals and their products,"Maize, combined varieties, whole kernel, dried, raw",3,6,8
RWA,RWA.2_1,1054,1,54,Cereals and their products,"Maize, yellow, flour of whole-grain",3,11,1
RWA,RWA.2_1,1055,1,55,Cereals and their products,"Maize, yellow, grit, degermed",1,3,5
RWA,RWA.2_1,1015,1,15,Cereals and their products,"Millet, whole grain, raw",4,1,3
RWA,RWA.2_1,1065,1,65,Cereals and their products,"Rice, red native, hulled, raw",3,2,4
RWA,RWA.2_1,9369,9,369,Fish and their products,"Anchovy, canned in oil (drained solids)",3,11,1
RWA,RWA.2_1,9358,9,358,Fish and their products,"Anchovy, fillet, raw",3,12,2
RWA,RWA.2_1,5221,5,221,Fruits and their products,"African locust bean, fruit, pulp, raw",2,6,8
RWA,RWA.2_1,5246,5,246,Fruits and their products,"Apple, without skin, raw",4,7,9
RWA,RWA.2_1,5247,5,247,Fruits and their products,"Banana, yellow flesh, raw",4,2,4
RWA,RWA.2_1,5225,5,225,Fruits and their products,"Breadfruit, raw",1,4,6
RWA,RWA.2_1,5232,5,232,Fruits and their products,"Landolphia, pulp, raw",1,5,7
RWA,RWA.2_1,5257,5,257,Fruits and their products,"Melon, honeydew, raw",2,6,8
RWA,RWA.2_1,5236,5,236,Fruits and their products,"Papaya, fruit, ripe, raw",1,11,1
RWA,RWA.2_1,5264,5,264,Fruits and their products,"Sweet apple, fruit, raw",3,2,4
RWA,RWA.2_1,3137,3,137,Legumes and their products,"Cowpea, brown, dried, raw",4,10,12
RWA,RWA.2_1,3118,3,118,Legumes and their products,"Soya bean, dried, raw",3,10,12
RWA,RWA.2_1,7292,7,292,Meat and poultry and their products,"Beef, meat, 15-20  % fat, boneless, raw",2,2,4
RWA,RWA.2_1,7304,7,304,Meat and poultry and their products,"Beef, meat, approx. 30 % fat, boneless, raw",4,4,6
RWA,RWA.2_1,7315,7,315,Meat and poultry and their products,"Beef, meat, cured, corned, canned",1,5,7
RWA,RWA.2_1,7326,7,326,Meat and poultry and their products,"Chicken, light meat, flesh and skin, raw",4,8,10
RWA,RWA.2_1,7323,7,323,Meat and poultry and their products,"Chicken, light meat, flesh, raw",2,6,8
RWA,RWA.2_1,7334,7,334,Meat and poultry and their products,"Crocodile, raw",4,8,10
RWA,RWA.2_1,7296,7,296,Meat and poultry and their products,"Pork, meat, approx. 20 % fat, boneless, raw",1,7,9
RWA,RWA.2_1,7297,7,297,Meat and poultry and their products,"Rabbit, flesh only, raw",4,0,2
RWA,RWA.2_1,7353,7,353,Meat and poultry and their products,"Sausage, wiener (beef, pork, chicken) canned",2,5,7
RWA,RWA.2_1,10415,10,415,Milk and their products,"Infant formula, powder, for 3 months",3,1,3
RWA,RWA.2_1,10422,10,422,Milk and their products,"Milk, camel, raw (average of different breeds)",2,12,2
RWA,RWA.2_1,10407,10,407,Milk and their products,"Milk, goat, raw",4,3,5
RWA,RWA.2_1,12458,12,458,Miscellaneous,Anis seed,3,10,12
RWA,RWA.2_1,12464,12,464,Miscellaneous,"Ginger, root, raw",2,8,10
RWA,RWA.2_1,12467,12,467,Miscellaneous,"Mustard, prepared, yellow",2,6,8
RWA,RWA.2_1,12469,12,469,Miscellaneous,Salt,4,1,3
RWA,RWA.2_1,12457,12,457,Miscellaneous,Vinegar,3,7,9
RWA,RWA.2_1,6265,6,265,"Nuts, seeds and their products","Cashew nut, raw",4,5,7
RWA,RWA.2_1,6268,6,268,"Nuts, seeds and their products","Coconut, kernel, dried, raw",2,6,8
RWA,RWA.2_1,6278,6,278,"Nuts, seeds and their products","Colanut, raw",3,4,6
RWA,RWA.2_1,6274,6,274,"Nuts, seeds and their products","Groundnut, red, shelled, dried, raw (Benin)",2,2,4
RWA,RWA.2_1,6290,6,290,"Nuts, seeds and their products","Roselle, red, seed, dried ",2,9,11
RWA,RWA.2_1,2077,2,77,"Starchy roots, tubers and their products","Cassava, tuber, raw",4,9,11
RWA,RWA.2_1,2083,2,83,"Starchy roots, tubers and their products","Potato, raw",1,6,8
RWA,RWA.2_1,2096,2,96,"Starchy roots, tubers and their products","Sweet potato, pale yellow, raw",3,1,3
RWA,RWA.2_1,2089,2,89,"Starchy roots, tubers and their products","Taro, tuber, raw",4,8,10
RWA,RWA.2_1,2093,2,93,"Starchy roots, tubers and their products","Yam tuber, raw",4,8,10
RWA,RWA.2_1,4155,4,155,Vegetables and their products,"Cabbage, raw",3,1,3
RWA,RWA.2_1,4156,4,156,Vegetables and their products,"Carrot, raw",1,1,3
RWA,RWA.2_1,4158,4,158,Vegetables and their products,"Cassava, leaves, raw",4,8,10
RWA,RWA.2_1,4160,4,160,Vegetables and their products,"Cowpea, leaves, raw",4,3,5
RWA,RWA.2_1,4182,4,182,Vegetables and their products,"Cucumber, raw",2,3,5
RWA,RWA.2_1,4161,4,161,Vegetables and their products,"Drumstick  leaves, raw",3,7,9
RWA,RWA.2_1,4164,4,164,Vegetables and their products,"False sesame, leaves, dried",3,8,10
RWA,RWA.2_1,4186,4,186,Vegetables and their products,"False sesame, leaves, raw",2,2,4
RWA,RWA.2_1,4190,4,190,Vegetables and their products,"Lettuce, raw",2,7,9
RWA,RWA.2_1,4168,4,168,Vegetables and their products,"Onion, raw",2,9,11
RWA,RWA.2_1,4205,4,205,Vegetables and their products,"Pumpkin leaves, dried",3,1,3
RWA,RWA.2_1,4169,4,169,Vegetables and their products,"Tamarind, leaves, raw",3,11,1
RWA,RWA.2_1,4216,4,216,Vegetables and their products,"Tomato paste, concentrated",3,4,6
RWA,RWA.2_1,4218,4,218,Vegetables and their products,"Turnip, raw ",2,10,12
RWA,RWA.3_1,11447,11,447,Beverages,"Juice, apple, canned or bottled",3,7,9
RWA,RWA.3_1,11449,11,449,Beverages,"Nectar, Mango, canned",1,6,8
RWA,RWA.3_1,11441,11,441,Beverages,Palm wine (est. 3.8 % alcohol),2,6,8
RWA,RWA.3_1,11442,11,442,Beverages,"Sap, palm, fresh (0.3 % alcohol)",1,6,8
RWA,RWA.3_1,11443,11,443,Beverages,"Tea, infusion",2,5,7
RWA,RWA.3_1,1059,1,59,Cereals and their products,"Maize, white, flour degermed ",4,5,7
RWA,RWA.3_1,1055,1,55,Cereals and their products,"Maize, yellow, grit, degermed",3,4,6
RWA,RWA.3_1,1075,1,75,Cereals and their products,"Maize, yellow, stiff porridge* (without salt)",4,1,3
RWA,RWA.3_1,1006,1,6,Cereals and their products,"Maize, yellow, whole kernel, dried, raw",2,9,11
RWA,RWA.3_1,1034,1,34,Cereals and their products,"Rice, brown, raw",2,10,12
RWA,RWA.3_1,1037,1,37,Cereals and their products,"Rice, white, raw",3,7,9
RWA,RWA.3_1,9386,9,386,Fish and their products,"Mudfish, raw",2,6,8
RWA,RWA.3_1,9394,9,394,Fish and their products,"Sardines in oil, canned (drained solids with bone)",3,3,5
RWA,RWA.3_1,9398,9,398,Fish and their products,"Tilapia, raw",2,1,3
RWA,RWA.3_1,5242,5,242,Fruits and their products,"African fan palm, fruit, pulp, raw",4,11,1
RWA,RWA.3_1,5245,5,245,Fruits and their products,"Apple, with skin, raw",2,4,6
RWA,RWA.3_1,5223,5,223,Fruits and their products,"Banana, white flesh, raw",1,12,2
RWA,RWA.3_1,5247,5,247,Fruits and their products,"Banana, yellow flesh, raw",4,10,12
RWA,RWA.3_1,5227,5,227,Fruits and their products,"Dattock, pulp, raw",3,10,12
RWA,RWA.3_1,5233,5,233,Fruits and their products,"Lemon, raw",4,8,10
RWA,RWA.3_1,5256,5,256,Fruits and their products,"Mango, pale flesh, raw",1,6,8
RWA,RWA.3_1,5257,5,257,Fruits and their products,"Melon, honeydew, raw",4,10,12
RWA,RWA.3_1,5260,5,260,Fruits and their products,"Pomegranate, raw",1,5,7
RWA,RWA.3_1,5263,5,263,Fruits and their products,"Shea fruit pulp, raw",4,6,8
RWA,RWA.3_1,3119,3,119,Legumes and their products,"African locust bean, seeds, dried",3,3,5
RWA,RWA.3_1,3111,3,111,Legumes and their products,"Bambara groundnut, dried, raw ",3,1,3
RWA,RWA.3_1,3114,3,114,Legumes and their products,"Cowpea, dried, raw",4,1,3
RWA,RWA.3_1,7313,7,313,Meat and poultry and their products,"Beef,  ground, 10 % fat, raw",1,9,11
RWA,RWA.3_1,7292,7,292,Meat and poultry and their products,"Beef, meat, 15-20  % fat, boneless, raw",1,1,3
RWA,RWA.3_1,7311,7,311,Meat and poultry and their products,"Beef, tripe, raw",1,8,10
RWA,RWA.3_1,7341,7,341,Meat and poultry and their products,"Lamb, brain, raw",4,2,4
RWA,RWA.3_1,7295,7,295,Meat and poultry and their products,"Pork, meat, approx. 40 % fat, boneless, raw",3,8,10
RWA,RWA.3_1,10410,10,410,Milk and their products,Cheddar,4,1,3
RWA,RWA.3_1,10414,10,414,Milk and their products,"Cream, 13 % fat",2,12,2
RWA,RWA.3_1,10416,10,416,Milk and their products,"Infant formula, powder, for 6 months",2,12,2
RWA,RWA.3_1,10421,10,421,Milk and their products,"Milk, cow powder, skimmed",3,6,8
RWA,RWA.3_1,10406,10,406,Milk and their products,"Milk, cow, powder, whole",4,5,7
RWA,RWA.3_1,10432,10,432,Milk and their products,"Palm oil, refined",4,7,9
RWA,RWA.3_1,12460,12,460,Miscellaneous,"Chilli pepper, dried",2,6,8
RWA,RWA.3_1,12461,12,461,Miscellaneous,"Cinnamon, ground",3,7,9
RWA,RWA.3_1,12464,12,464,Miscellaneous,"Ginger, root, raw",1,12,2
RWA,RWA.3_1,12465,12,465,Miscellaneous,"Ginger, roots, dried",2,11,1
RWA,RWA.3_1,12471,12,471,Miscellaneous,"Yeast, dried",2,7,9
RWA,RWA.3_1,6288,6,288,"Nuts, seeds and their products","Groundnut flour, defatted",1,7,9
RWA,RWA.3_1,6272,6,272,"Nuts, seeds and their products","Groundnut, shelled, dried, raw",3,1,3
RWA,RWA.3_1,6273,6,273,"Nuts, seeds and their products","Groundnut, rose, shelled, dried, raw (Benin)",1,5,7
RWA,RWA.3_1,6276,6,276,"Nuts, seeds and their products","Sesame seeds, whole, dried, raw",3,11,1
RWA,RWA.3_1,2095,2,95,"Starchy roots, tubers and their products","Cassava sweet, tuber, dried",3,1,3
RWA,RWA.3_1,2077,2,77,"Starchy roots, tubers and their products","Cassava, tuber, raw",4,9,11
RWA,RWA.3_1,2083,2,83,"Starchy roots, tubers and their products","Potato, raw",1,8,10
RWA,RWA.3_1,2085,2,85,"Starchy roots, tubers and their products","Sweet potato, deep yellow, raw",1,0,2
RWA,RWA.3_1,2096,2,96,"Starchy roots, tubers and their products","Sweet potato, pale yellow, raw",3,2,4
RWA,RWA.3_1,2093,2,93,"Starchy roots, tubers and their products","Yam tuber, raw",4,11,1
RWA,RWA.3_1,4151,4,151,Vegetables and their products,"Baobab, leaves,  raw",4,4,6
RWA,RWA.3_1,4164,4,164,Vegetables and their products,"False sesame, leaves, dried",2,10,12
RWA,RWA.3_1,4216,4,216,Vegetables and their products,"Tomato paste, concentrated",3,8,10
RWA,RWA.4_1,11445,11,445,Beverages,"Juice, lemon, unsweetened",1,2,4
RWA,RWA.4_1,11446,11,446,Beverages,"Juice, orange, unsweetened",4,7,9
RWA,RWA.4_1,11449,11,449,Beverages,"Nectar, Mango, canned",1,5,7
RWA,RWA.4_1,11451,11,451,Beverages,Ovaltine beverage with partly skimmed milk (without sugar; fortified),4,5,7
RWA,RWA.4_1,11452,11,452,Beverages,Ovaltine beverage with skimmed milk (without sugar; fortified),1,11,1
RWA,RWA.4_1,11453,11,453,Beverages,"Ovaltine powder, fortified",2,0,2
RWA,RWA.4_1,1048,1,48,Cereals and their products,"Bread, wheat, wholemeal",3,1,3
RWA,RWA.4_1,1045,1,45,Cereals and their products,"Bread/rolls, white",2,8,10
RWA,RWA.4_1,1002,1,2,Cereals and their products,"Fonio, black, whole grain, raw",3,4,6
RWA,RWA.4_1,1052,1,52,Cereals and their products,"Macaroni, dried",1,5,7
RWA,RWA.4_1,1057,1,57,Cereals and their products,"Maize, white, flour of whole grain",4,11,1
RWA,RWA.4_1,1017,1,17,Cereals and their products,"Pearl millet, whole grain, raw (with bran)",2,4,6
RWA,RWA.4_1,1067,1,67,Cereals and their products,"Rice, red native,  milled, raw",4,11,1
RWA,RWA.4_1,9358,9,358,Fish and their products,"Anchovy, fillet, raw",1,11,1
RWA,RWA.4_1,9395,9,395,Fish and their products,"Shiny-nose, raw",1,9,11
RWA,RWA.4_1,9363,9,363,Fish and their products,"White grouper, raw",1,6,8
RWA,RWA.4_1,5225,5,225,Fruits and their products,"Breadfruit, raw",2,7,9
RWA,RWA.4_1,5248,5,248,Fruits and their products,"Clementine, raw",1,5,7
RWA,RWA.4_1,5250,5,250,Fruits and their products,"Dates, dried",3,4,6
RWA,RWA.4_1,5228,5,228,Fruits and their products,"Dattock, dried pulp, raw",4,1,3
RWA,RWA.4_1,5236,5,236,Fruits and their products,"Papaya, fruit, ripe, raw",3,3,5
RWA,RWA.4_1,5239,5,239,Fruits and their products,"Tamarind, immature fruit, raw",1,1,3
RWA,RWA.4_1,3119,3,119,Legumes and their products,"African locust bean, seeds, dried",3,12,2
RWA,RWA.4_1,3134,3,134,Legumes and their products,"Broad beans, dried, raw",4,5,7
RWA,RWA.4_1,7316,7,316,Meat and poultry and their products,"Bamboo caterpillar, deep fried",2,4,6
RWA,RWA.4_1,7304,7,304,Meat and poultry and their products,"Beef, meat, approx. 30 % fat, boneless, raw",3,3,5
RWA,RWA.4_1,7320,7,320,Meat and poultry and their products,"Chicken, dark meat, flesh and skin, raw",2,3,5
RWA,RWA.4_1,7293,7,293,Meat and poultry and their products,"Chicken, dark meat, flesh, raw",4,9,11
RWA,RWA.4_1,7334,7,334,Meat and poultry and their products,"Crocodile, raw",2,11,1
RWA,RWA.4_1,10427,10,427,Milk and their products,Coconut oil,4,5,7
RWA,RWA.4_1,10428,10,428,Milk and their products,Groundnut oil,2,1,3
RWA,RWA.4_1,10421,10,421,Milk and their products,"Milk, cow powder, skimmed",1,2,4
RWA,RWA.4_1,10418,10,418,Milk and their products,"Milk, cow,  skimmed, 0.5 % fat",3,9,11
RWA,RWA.4_1,10407,10,407,Milk and their products,"Milk, goat, raw",2,4,6
RWA,RWA.4_1,10408,10,408,Milk and their products,"Milk, human, mature, raw",1,6,8
RWA,RWA.4_1,12459,12,459,Miscellaneous,"Bay leaf, dried",1,1,3
RWA,RWA.4_1,12470,12,470,Miscellaneous,"Spices, mix, ground",3,8,10
RWA,RWA.4_1,12472,12,472,Miscellaneous,"Yeast extract, Marmite",4,6,8
RWA,RWA.4_1,6270,6,270,"Nuts, seeds and their products",Coconut water,3,4,6
RWA,RWA.4_1,6288,6,288,"Nuts, seeds and their products","Groundnut flour, defatted",2,9,11
RWA,RWA.4_1,6273,6,273,"Nuts, seeds and their products","Groundnut, rose, shelled, dried, raw (Benin)",4,3,5
RWA,RWA.4_1,6275,6,275,"Nuts, seeds and their products","Melon seeds, slightly salted, raw",4,3,5
RWA,RWA.4_1,6277,6,277,"Nuts, seeds and their products","Shea nut, seed kernel, dried, raw",3,2,4
RWA,RWA.4_1,2095,2,95,"Starchy roots, tubers and their products","Cassava sweet, tuber, dried",3,6,8
RWA,RWA.4_1,2078,2,78,"Starchy roots, tubers and their products","Cassava, tuber, dried",2,7,9
RWA,RWA.4_1,2089,2,89,"Starchy roots, tubers and their products","Taro, tuber, raw",2,2,4
RWA,RWA.4_1,2091,2,91,"Starchy roots, tubers and their products","Water yam, tuber, raw",4,5,7
RWA,RWA.4_1,4173,4,173,Vegetables and their products,"Amaranth leaves, raw",3,7,9
RWA,RWA.4_1,4155,4,155,Vegetables and their products,"Cabbage, raw",3,8,10
RWA,RWA.4_1,4181,4,181,Vegetables and their products,"Cowpea leaves, dried",1,9,11
RWA,RWA.4_1,4162,4,162,Vegetables and their products,"Eggplant, raw",3,4,6
RWA,RWA.4_1,4186,4,186,Vegetables and their products,"False sesame, leaves, raw",4,8,10
RWA,RWA.4_1,4194,4,194,Vegetables and their products,"Onions, dried",1,6,8
RWA,RWA.4_1,4195,4,195,Vegetables and their products,"Parsley, fresh",2,3,5
RWA,RWA.4_1,4212,4,212,Vegetables and their products,"Tamarind, leaves, dried",3,6,8
RWA,RWA.4_1,4218,4,218,Vegetables and their products,"Turnip, raw ",4,11,1
RWA,RWA.5_1,11446,11,446,Beverages,"Juice, orange, unsweetened",1,1,3
RWA,RWA.5_1,11443,11,443,Beverages,"Tea, infusion",2,10,12
RWA,RWA.5_1,1002,1,2,Cereals and their products,"Fonio, black, whole grain, raw",1,5,7
RWA,RWA.5_1,1051,1,51,Cereals and their products,"Fonio, husked grains, boiled* (without salt)",3,11,1
RWA,RWA.5_1,1055,1,55,Cereals and their products,"Maize, yellow, grit, degermed",4,8,10
RWA,RWA.5_1,1063,1,63,Cereals and their products,"Pearl millet, flour (without bran)",2,4,6
RWA,RWA.5_1,1041,1,41,Cereals and their products,"Sorghum, whole grain, red, raw",1,9,11
RWA,RWA.5_1,1043,1,43,Cereals and their products,"Wheat flour, white",3,11,1
RWA,RWA.5_1,9364,9,364,Fish and their products,"African carp, raw",2,8,10
RWA,RWA.5_1,9382,9,382,Fish and their products,"Mackerel, grilled* (without salt and fat)",2,4,6
RWA,RWA.5_1,5243,5,243,Fruits and their products,"African locust bean, flour from fruit, pulp",4,9,11
RWA,RWA.5_1,5221,5,221,Fruits and their products,"African locust bean, fruit, pulp, raw",1,6,8
RWA,RWA.5_1,5244,5,244,Fruits and their products,"Akee, pulp, raw",3,9,11
RWA,RWA.5_1,5250,5,250,Fruits and their products,"Dates, dried",2,1,3
RWA,RWA.5_1,5227,5,227,Fruits and their products,"Dattock, pulp, raw",1,3,5
RWA,RWA.5_1,5257,5,257,Fruits and their products,"Melon, honeydew, raw",4,7,9
RWA,RWA.5_1,5259,5,259,Fruits and their products,"Palm nuts, pulp, raw",4,10,12
RWA,RWA.5_1,5260,5,260,Fruits and their products,"Pomegranate, raw",3,3,5
RWA,RWA.5_1,3112,3,112,Legumes and their products,"Bambara groundnut, red, dried, raw",1,3,5
RWA,RWA.5_1,3134,3,134,Legumes and their products,"Broad beans, dried, raw",2,11,1
RWA,RWA.5_1,3118,3,118,Legumes and their products,"Soya bean, dried, raw",4,6,8
RWA,RWA.5_1,7291,7,291,Meat and poultry and their products,"Beef liver, raw",3,11,1
RWA,RWA.5_1,7307,7,307,Meat and poultry and their products,"Beef, meat, lean, cured, dried",3,5,7
RWA,RWA.5_1,7311,7,311,Meat and poultry and their products,"Beef, tripe, raw",3,2,4
RWA,RWA.5_1,7323,7,323,Meat and poultry and their products,"Chicken, light meat, flesh, raw",1,5,7
RWA,RWA.5_1,10426,10,426,Milk and their products,"Butter, from cow's milk (without salt)",2,10,12
RWA,RWA.5_1,10410,10,410,Milk and their products,Cheddar,3,6,8
RWA,RWA.5_1,10420,10,420,Milk and their products,"Milk, cow, canned, evaporated",1,3,5
RWA,RWA.5_1,10417,10,417,Milk and their products,"Milk, cow, partly skimmed, 1.5 % fat",3,8,10
RWA,RWA.5_1,10429,10,429,Milk and their products,"Palm oil, red",4,7,9
RWA,RWA.5_1,10433,10,433,Milk and their products,Shea butter,2,0,2
RWA,RWA.5_1,10435,10,435,Milk and their products,Vegetable oil,4,11,1
RWA,RWA.5_1,12459,12,459,Miscellaneous,"Bay leaf, dried",3,12,2
RWA,RWA.5_1,12460,12,460,Miscellaneous,"Chilli pepper, dried",3,3,5
RWA,RWA.5_1,12466,12,466,Miscellaneous,"Mustard, powder",1,4,6
RWA,RWA.5_1,12469,12,469,Miscellaneous,Salt,1,6,8
RWA,RWA.5_1,12471,12,471,Miscellaneous,"Yeast, dried",2,7,9
RWA,RWA.5_1,6267,6,267,"Nuts, seeds and their products","Coconut, immature kernel, fresh, raw",4,4,6
RWA,RWA.5_1,6266,6,266,"Nuts, seeds and their products","Coconut, mature kernel, fresh, raw",1,6,8
RWA,RWA.5_1,6278,6,278,"Nuts, seeds and their products","Colanut, raw",3,10,12
RWA,RWA.5_1,6271,6,271,"Nuts, seeds and their products","Dikanut, kernel, dried, raw",1,3,5
RWA,RWA.5_1,6286,6,286,"Nuts, seeds and their products",Groundnut paste,1,8,10
RWA,RWA.5_1,6285,6,285,"Nuts, seeds and their products","Groundnut, combined varieties, shelled, dried, raw (Ghana)",4,4,6
RWA,RWA.5_1,6276,6,276,"Nuts, seeds and their products","Sesame seeds, whole, dried, raw",4,11,1
RWA,RWA.5_1,2096,2,96,"Starchy roots, tubers and their products","Sweet potato, pale yellow, raw",3,7,9
RWA,RWA.5_1,4151,4,151,Vegetables and their products,"Baobab, leaves,  raw",4,4,6
RWA,RWA.5_1,4155,4,155,Vegetables and their products,"Cabbage, raw",4,1,3
RWA,RWA.5_1,4159,4,159,Vegetables and their products,"Cocoyam, leaves, raw",1,6,8
RWA,RWA.5_1,4181,4,181,Vegetables and their products,"Cowpea leaves, dried",4,5,7
RWA,RWA.5_1,4160,4,160,Vegetables and their products,"Cowpea, leaves, raw",2,4,6
RWA,RWA.5_1,4161,4,161,Vegetables and their products,"Drumstick  leaves, raw",2,6,8
RWA,RWA.5_1,4186,4,186,Vegetables and their products,"False sesame, leaves, raw",2,2,4
RWA,RWA.5_1,4154,4,154,Vegetables and their products,"Okra leaves, raw",3,6,8
RWA,RWA.5_1,4195,4,195,Vegetables and their products,"Parsley, fresh",4,3,5
RWA,RWA.5_1,4215,4,215,Vegetables and their products,"Tomatoes, canned, packed in juice",2,0,2
