GID_0,NAME_0,GID_1,NAME_1,GID_2,NAME_2,GID_3,NAME_3
ETH,Ethiopia,ETH.3_1,Amhara,ETH.3.4_1,Debub Gondar,ETH.3.4.9_1,Tach Gayint
ETH,Ethiopia,ETH.3_1,Amhara,ETH.3.4_1,Debub Gondar,ETH.3.4.10_1,West Esite
ETH,Ethiopia,ETH.2_1,Afar,ETH.2.4_1,Afar Zone 4,ETH.2.4.2_1,Ewa
ETH,Ethiopia,ETH.2_1,Afar,ETH.2.4_1,Afar Zone 4,ETH.2.4.3_1,Gulina
ETH,Ethiopia,ETH.2_1,Afar,ETH.2.3_1,Afar Zone 3,ETH.2.3.6_1,Gewane
ETH,Ethiopia,ETH.2_1,Afar,ETH.2.4_1,Afar Zone 4,ETH.2.4.1_1,Awra
ETH,Ethiopia,ETH.2_1,Afar,ETH.2.5_1,Afar Zone 5,ETH.2.5.1_1,Dalfagi
ETH,Ethiopia,ETH.2_1,Afar,ETH.2.5_1,Afar Zone 5,ETH.2.5.2_1,Dewe
ETH,Ethiopia,ETH.2_1,Afar,ETH.2.4_1,Afar Zone 4,ETH.2.4.4_1,Teru
ETH,Ethiopia,ETH.2_1,Afar,ETH.2.4_1,Afar Zone 4,ETH.2.4.5_1,Yalo
ETH,Ethiopia,ETH.2_1,Afar,ETH.2.5_1,Afar Zone 5,ETH.2.5.5_1,Telalak
ETH,Ethiopia,ETH.3_1,Amhara,ETH.3.1_1,Agew Awi,ETH.3.1.1_1,Ankasha
ETH,Ethiopia,ETH.2_1,Afar,ETH.2.5_1,Afar Zone 5,ETH.2.5.3_1,Hadelela
ETH,Ethiopia,ETH.2_1,Afar,ETH.2.5_1,Afar Zone 5,ETH.2.5.4_1,Simurobi Gele'alo
ETH,Ethiopia,ETH.3_1,Amhara,ETH.3.1_1,Agew Awi,ETH.3.1.4_1,Fagta Lakoma
ETH,Ethiopia,ETH.3_1,Amhara,ETH.3.1_1,Agew Awi,ETH.3.1.5_1,Guagusa Shikudad
ETH,Ethiopia,ETH.3_1,Amhara,ETH.3.1_1,Agew Awi,ETH.3.1.2_1,Banja
ETH,Ethiopia,ETH.3_1,Amhara,ETH.3.1_1,Agew Awi,ETH.3.1.3_1,Dangila
ETH,Ethiopia,ETH.3_1,Amhara,ETH.3.6_1,Mirab Gojjam,ETH.3.6.3_1,Debub Achefer
ETH,Ethiopia,ETH.3_1,Amhara,ETH.3.6_1,Mirab Gojjam,ETH.3.6.4_1,Dega Damot
,,,,,,,
ETH,Ethiopia,ETH.3_1,Amhara,ETH.3.6_1,Mirab Gojjam,ETH.3.6.1_1,Bahir Dar Zuria
ETH,Ethiopia,ETH.3_1,Amhara,ETH.3.6_1,Mirab Gojjam,ETH.3.6.2_1,Bure
ETH,Ethiopia,ETH.3_1,Amhara,ETH.3.6_1,Mirab Gojjam,ETH.3.6.7_1,Mecha
ETH,Ethiopia,ETH.3_1,Amhara,ETH.3.6_1,Mirab Gojjam,ETH.3.6.8_1,Quarit
ETH,Ethiopia,ETH.3_1,Amhara,ETH.3.6_1,Mirab Gojjam,ETH.3.6.5_1,Dembecha
ETH,Ethiopia,ETH.3_1,Amhara,ETH.3.6_1,Mirab Gojjam,ETH.3.6.6_1,Jabi Tehnan
ETH,Ethiopia,ETH.3_1,Amhara,ETH.3.6_1,Mirab Gojjam,ETH.3.6.11_1,Wemberma
ETH,Ethiopia,ETH.3_1,Amhara,ETH.3.6_1,Mirab Gojjam,ETH.3.6.12_1,Yilmana Densa
ETH,Ethiopia,ETH.3_1,Amhara,ETH.3.6_1,Mirab Gojjam,ETH.3.6.9_1,Sekela
ETH,Ethiopia,ETH.3_1,Amhara,ETH.3.6_1,Mirab Gojjam,ETH.3.6.10_1,Semen Achefer
ETH,Ethiopia,ETH.3_1,Amhara,ETH.3.7_1,Misraq Gojjam,ETH.3.7.3_1,Baso Liben
ETH,Ethiopia,ETH.3_1,Amhara,ETH.3.7_1,Misraq Gojjam,ETH.3.7.4_1,Bibugn
ETH,Ethiopia,ETH.3_1,Amhara,ETH.3.7_1,Misraq Gojjam,ETH.3.7.1_1,Aneded
ETH,Ethiopia,ETH.3_1,Amhara,ETH.3.7_1,Misraq Gojjam,ETH.3.7.2_1,Awabel
ETH,Ethiopia,ETH.3_1,Amhara,ETH.3.5_1,Debub Wollo,ETH.3.5.5_1,Jama
ETH,Ethiopia,ETH.3_1,Amhara,ETH.3.5_1,Debub Wollo,ETH.3.5.6_1,Kalu
ETH,Ethiopia,ETH.3_1,Amhara,ETH.3.5_1,Debub Wollo,ETH.3.5.3_1,Debresina
ETH,Ethiopia,ETH.3_1,Amhara,ETH.3.5_1,Debub Wollo,ETH.3.5.4_1,Dessie Zuria
ETH,Ethiopia,ETH.3_1,Amhara,ETH.3.5_1,Debub Wollo,ETH.3.5.9_1,Legambo
ETH,Ethiopia,ETH.3_1,Amhara,ETH.3.5_1,Debub Wollo,ETH.3.5.10_1,Legehida
ETH,Ethiopia,ETH.3_1,Amhara,ETH.3.5_1,Debub Wollo,ETH.3.5.7_1,Kelela
ETH,Ethiopia,ETH.3_1,Amhara,ETH.3.5_1,Debub Wollo,ETH.3.5.8_1,Kutaber
ETH,Ethiopia,ETH.3_1,Amhara,ETH.3.5_1,Debub Wollo,ETH.3.5.13_1,Sayint
ETH,Ethiopia,ETH.3_1,Amhara,ETH.3.5_1,Debub Wollo,ETH.3.5.14_1,Tenta
ETH,Ethiopia,ETH.3_1,Amhara,ETH.3.5_1,Debub Wollo,ETH.3.5.11_1,Mehal Sayint
ETH,Ethiopia,ETH.3_1,Amhara,ETH.3.5_1,Debub Wollo,ETH.3.5.12_1,Mekdela
ETH,Ethiopia,ETH.3_1,Amhara,ETH.3.5_1,Debub Wollo,ETH.3.5.17_1,Were Ilu
ETH,Ethiopia,ETH.3_1,Amhara,ETH.3.5_1,Debub Wollo,ETH.3.5.18_1,Worebabu
ETH,Ethiopia,ETH.3_1,Amhara,ETH.3.5_1,Debub Wollo,ETH.3.5.15_1,Thehulederie
ETH,Ethiopia,ETH.3_1,Amhara,ETH.3.5_1,Debub Wollo,ETH.3.5.16_1,Wegde
ETH,Ethiopia,ETH.3_1,Amhara,ETH.3.8_1,North Shewa,ETH.3.8.6_1,Berehet
ETH,Ethiopia,ETH.3_1,Amhara,ETH.3.8_1,North Shewa,ETH.3.8.7_1,Eferatana Gidem
ETH,Ethiopia,ETH.3_1,Amhara,ETH.3.8_1,North Shewa,ETH.3.8.4_1,Assagirt
ETH,Ethiopia,ETH.3_1,Amhara,ETH.3.8_1,North Shewa,ETH.3.8.5_1,Basona Worena
ETH,Ethiopia,ETH.3_1,Amhara,ETH.3.8_1,North Shewa,ETH.3.8.10_1,Hagere Mariam
ETH,Ethiopia,ETH.3_1,Amhara,ETH.3.8_1,North Shewa,ETH.3.8.11_1,Kewet
ETH,Ethiopia,ETH.3_1,Amhara,ETH.3.8_1,North Shewa,ETH.3.8.8_1,Ensaro
ETH,Ethiopia,ETH.3_1,Amhara,ETH.3.8_1,North Shewa,ETH.3.8.9_1,Gishe Rabel
ETH,Ethiopia,ETH.3_1,Amhara,ETH.3.8_1,North Shewa,ETH.3.8.14_1,Menz Lalo Midir
ETH,Ethiopia,ETH.3_1,Amhara,ETH.3.8_1,North Shewa,ETH.3.8.15_1,Menz Mama Midir
ETH,Ethiopia,ETH.3_1,Amhara,ETH.3.8_1,North Shewa,ETH.3.8.12_1,Menz Gera Midir
ETH,Ethiopia,ETH.3_1,Amhara,ETH.3.8_1,North Shewa,ETH.3.8.13_1,Menz Keya Gabriel
ETH,Ethiopia,ETH.3_1,Amhara,ETH.3.8_1,North Shewa,ETH.3.8.18_1,Minjar Shenkora
ETH,Ethiopia,ETH.3_1,Amhara,ETH.3.8_1,North Shewa,ETH.3.8.19_1,Mojan Wedera
ETH,Ethiopia,ETH.3_1,Amhara,ETH.3.8_1,North Shewa,ETH.3.8.16_1,Merahbete
ETH,Ethiopia,ETH.3_1,Amhara,ETH.3.8_1,North Shewa,ETH.3.8.17_1,Mimo Weremo
ETH,Ethiopia,ETH.3_1,Amhara,ETH.3.7_1,Misraq Gojjam,ETH.3.7.7_1,Dejen
ETH,Ethiopia,ETH.3_1,Amhara,ETH.3.7_1,Misraq Gojjam,ETH.3.7.8_1,Enarj Enawga
ETH,Ethiopia,ETH.3_1,Amhara,ETH.3.7_1,Misraq Gojjam,ETH.3.7.5_1,Debay Telatgen
ETH,Ethiopia,ETH.3_1,Amhara,ETH.3.7_1,Misraq Gojjam,ETH.3.7.6_1,Debre Elias
ETH,Ethiopia,ETH.3_1,Amhara,ETH.3.7_1,Misraq Gojjam,ETH.3.7.11_1,Goncha Siso Enese
ETH,Ethiopia,ETH.3_1,Amhara,ETH.3.7_1,Misraq Gojjam,ETH.3.7.12_1,Gonje
ETH,Ethiopia,ETH.3_1,Amhara,ETH.3.7_1,Misraq Gojjam,ETH.3.7.9_1,Enbise Sar Midir
ETH,Ethiopia,ETH.3_1,Amhara,ETH.3.7_1,Misraq Gojjam,ETH.3.7.10_1,Enemay
ETH,Ethiopia,ETH.3_1,Amhara,ETH.3.7_1,Misraq Gojjam,ETH.3.7.15_1,Michakel
ETH,Ethiopia,ETH.3_1,Amhara,ETH.3.7_1,Misraq Gojjam,ETH.3.7.16_1,Senan
ETH,Ethiopia,ETH.3_1,Amhara,ETH.3.7_1,Misraq Gojjam,ETH.3.7.13_1,Guzamn
ETH,Ethiopia,ETH.3_1,Amhara,ETH.3.7_1,Misraq Gojjam,ETH.3.7.14_1,Hulet Ej Enese
ETH,Ethiopia,ETH.3_1,Amhara,ETH.3.8_1,North Shewa,ETH.3.8.2_1,Ankober
ETH,Ethiopia,ETH.3_1,Amhara,ETH.3.8_1,North Shewa,ETH.3.8.3_1,Antsokiya
ETH,Ethiopia,ETH.3_1,Amhara,ETH.3.7_1,Misraq Gojjam,ETH.3.7.17_1,Shebel Bereta
ETH,Ethiopia,ETH.3_1,Amhara,ETH.3.8_1,North Shewa,ETH.3.8.1_1,Angolelana Tera
ETH,Ethiopia,ETH.3_1,Amhara,ETH.3.10_1,Semen Gondar,ETH.3.10.11_1,Lay Armacho
ETH,Ethiopia,ETH.3_1,Amhara,ETH.3.10_1,Semen Gondar,ETH.3.10.12_1,Metema
ETH,Ethiopia,ETH.3_1,Amhara,ETH.3.10_1,Semen Gondar,ETH.3.10.9_1,Gonder Zuria
ETH,Ethiopia,ETH.3_1,Amhara,ETH.3.10_1,Semen Gondar,ETH.3.10.10_1,Janamora
ETH,Ethiopia,ETH.3_1,Amhara,ETH.3.10_1,Semen Gondar,ETH.3.10.15_1,Tach Armacho
ETH,Ethiopia,ETH.3_1,Amhara,ETH.3.10_1,Semen Gondar,ETH.3.10.16_1,Takusa
ETH,Ethiopia,ETH.3_1,Amhara,ETH.3.10_1,Semen Gondar,ETH.3.10.13_1,Mirab Armacho
ETH,Ethiopia,ETH.3_1,Amhara,ETH.3.10_1,Semen Gondar,ETH.3.10.14_1,Quara
ETH,Ethiopia,ETH.3_1,Amhara,ETH.3.10_1,Semen Gondar,ETH.3.10.19_1,Wegera
ETH,Ethiopia,ETH.3_1,Amhara,ETH.3.10_1,Semen Gondar,ETH.3.10.20_1,West Belesa
ETH,Ethiopia,ETH.3_1,Amhara,ETH.3.10_1,Semen Gondar,ETH.3.10.17_1,Tsegede
ETH,Ethiopia,ETH.3_1,Amhara,ETH.3.10_1,Semen Gondar,ETH.3.10.18_1,Tselemt
ETH,Ethiopia,ETH.3_1,Amhara,ETH.3.11_1,Semen Wello,ETH.3.11.3_1,Delanta
ETH,Ethiopia,ETH.3_1,Amhara,ETH.3.11_1,Semen Wello,ETH.3.11.4_1,Gidan
ETH,Ethiopia,ETH.3_1,Amhara,ETH.3.11_1,Semen Wello,ETH.3.11.1_1,Bugna
ETH,Ethiopia,ETH.3_1,Amhara,ETH.3.11_1,Semen Wello,ETH.3.11.2_1,Dawunt
ETH,Ethiopia,ETH.3_1,Amhara,ETH.3.8_1,North Shewa,ETH.3.8.22_1,Tarema Ber
ETH,Ethiopia,ETH.3_1,Amhara,ETH.3.9_1,Oromia,ETH.3.9.1_1,Artuma Fursi
ETH,Ethiopia,ETH.3_1,Amhara,ETH.3.8_1,North Shewa,ETH.3.8.20_1,Moretna Jiru
ETH,Ethiopia,ETH.3_1,Amhara,ETH.3.8_1,North Shewa,ETH.3.8.21_1,Siya Debirna Wayu
ETH,Ethiopia,ETH.3_1,Amhara,ETH.3.9_1,Oromia,ETH.3.9.4_1,Dewa Harewa
ETH,Ethiopia,ETH.3_1,Amhara,ETH.3.9_1,Oromia,ETH.3.9.5_1,Jille Timuga
ETH,Ethiopia,ETH.3_1,Amhara,ETH.3.9_1,Oromia,ETH.3.9.2_1,Bati
ETH,Ethiopia,ETH.3_1,Amhara,ETH.3.9_1,Oromia,ETH.3.9.3_1,Dewa Cheffa
ETH,Ethiopia,ETH.3_1,Amhara,ETH.3.10_1,Semen Gondar,ETH.3.10.3_1,Beyeda
ETH,Ethiopia,ETH.3_1,Amhara,ETH.3.10_1,Semen Gondar,ETH.3.10.4_1,Chilga
ETH,Ethiopia,ETH.3_1,Amhara,ETH.3.10_1,Semen Gondar,ETH.3.10.1_1,Addi Arekay
ETH,Ethiopia,ETH.3_1,Amhara,ETH.3.10_1,Semen Gondar,ETH.3.10.2_1,Alfa
ETH,Ethiopia,ETH.3_1,Amhara,ETH.3.10_1,Semen Gondar,ETH.3.10.7_1,Dembia
ETH,Ethiopia,ETH.3_1,Amhara,ETH.3.10_1,Semen Gondar,ETH.3.10.8_1,East Belesa
ETH,Ethiopia,ETH.3_1,Amhara,ETH.3.10_1,Semen Gondar,ETH.3.10.5_1,Dabat
ETH,Ethiopia,ETH.3_1,Amhara,ETH.3.10_1,Semen Gondar,ETH.3.10.6_1,Debark
ETH,Ethiopia,ETH.4_1,Benshangul-Gumaz,ETH.4.1_1,Asosa,ETH.4.1.7_1,Menge
ETH,Ethiopia,ETH.4_1,Benshangul-Gumaz,ETH.4.1_1,Asosa,ETH.4.1.8_1,Sherkole
ETH,Ethiopia,ETH.4_1,Benshangul-Gumaz,ETH.4.1_1,Asosa,ETH.4.1.5_1,Kurmuk
ETH,Ethiopia,ETH.4_1,Benshangul-Gumaz,ETH.4.1_1,Asosa,ETH.4.1.6_1,Maokomo Special
ETH,Ethiopia,ETH.4_1,Benshangul-Gumaz,ETH.4.2_1,Kemashi,ETH.4.2.3_1,Kamashi
ETH,Ethiopia,ETH.4_1,Benshangul-Gumaz,ETH.4.2_1,Kemashi,ETH.4.2.4_1,Sirba Abay
ETH,Ethiopia,ETH.4_1,Benshangul-Gumaz,ETH.4.2_1,Kemashi,ETH.4.2.1_1,Agalometi
ETH,Ethiopia,ETH.4_1,Benshangul-Gumaz,ETH.4.2_1,Kemashi,ETH.4.2.2_1,Bio Jiganifado
ETH,Ethiopia,ETH.4_1,Benshangul-Gumaz,ETH.4.3_1,Metekel,ETH.4.3.2_1,Dangura
ETH,Ethiopia,ETH.4_1,Benshangul-Gumaz,ETH.4.3_1,Metekel,ETH.4.3.3_1,Dibat
ETH,Ethiopia,ETH.4_1,Benshangul-Gumaz,ETH.4.2_1,Kemashi,ETH.4.2.5_1,Yaso
ETH,Ethiopia,ETH.4_1,Benshangul-Gumaz,ETH.4.3_1,Metekel,ETH.4.3.1_1,Bulen
ETH,Ethiopia,ETH.4_1,Benshangul-Gumaz,ETH.4.3_1,Metekel,ETH.4.3.6_1,Pawe Special
ETH,Ethiopia,ETH.4_1,Benshangul-Gumaz,ETH.4.3_1,Metekel,ETH.4.3.7_1,Wenbera
ETH,Ethiopia,ETH.4_1,Benshangul-Gumaz,ETH.4.3_1,Metekel,ETH.4.3.4_1,Guba
ETH,Ethiopia,ETH.4_1,Benshangul-Gumaz,ETH.4.3_1,Metekel,ETH.4.3.5_1,Mandura
ETH,Ethiopia,ETH.3_1,Amhara,ETH.3.11_1,Semen Wello,ETH.3.11.7_1,Kobo
ETH,Ethiopia,ETH.3_1,Amhara,ETH.3.11_1,Semen Wello,ETH.3.11.8_1,Lasta
ETH,Ethiopia,ETH.3_1,Amhara,ETH.3.11_1,Semen Wello,ETH.3.11.5_1,Guba Lafto
ETH,Ethiopia,ETH.3_1,Amhara,ETH.3.11_1,Semen Wello,ETH.3.11.6_1,Habru
ETH,Ethiopia,ETH.3_1,Amhara,ETH.3.12_1,Wag Himra,ETH.3.12.1_1,Abergele
ETH,Ethiopia,ETH.3_1,Amhara,ETH.3.12_1,Wag Himra,ETH.3.12.2_1,Dehana
ETH,Ethiopia,ETH.3_1,Amhara,ETH.3.11_1,Semen Wello,ETH.3.11.9_1,Meket
ETH,Ethiopia,ETH.3_1,Amhara,ETH.3.11_1,Semen Wello,ETH.3.11.10_1,Wadla
ETH,Ethiopia,ETH.3_1,Amhara,ETH.3.12_1,Wag Himra,ETH.3.12.5_1,Sekota
ETH,Ethiopia,ETH.3_1,Amhara,ETH.3.12_1,Wag Himra,ETH.3.12.6_1,Ziquala
ETH,Ethiopia,ETH.3_1,Amhara,ETH.3.12_1,Wag Himra,ETH.3.12.3_1,Gaz Gibla
ETH,Ethiopia,ETH.3_1,Amhara,ETH.3.12_1,Wag Himra,ETH.3.12.4_1,Sahla
ETH,Ethiopia,ETH.4_1,Benshangul-Gumaz,ETH.4.1_1,Asosa,ETH.4.1.3_1,Bilidigilu
ETH,Ethiopia,ETH.4_1,Benshangul-Gumaz,ETH.4.1_1,Asosa,ETH.4.1.4_1,Homosha
ETH,Ethiopia,ETH.4_1,Benshangul-Gumaz,ETH.4.1_1,Asosa,ETH.4.1.1_1,Assosa
ETH,Ethiopia,ETH.4_1,Benshangul-Gumaz,ETH.4.1_1,Asosa,ETH.4.1.2_1,Bambasi
ETH,Ethiopia,ETH.8_1,Oromia,ETH.8.1_1,Arsi,ETH.8.1.3_1,Bele Gesgar
ETH,Ethiopia,ETH.8_1,Oromia,ETH.8.1_1,Arsi,ETH.8.1.4_1,Chole
ETH,Ethiopia,ETH.8_1,Oromia,ETH.8.1_1,Arsi,ETH.8.1.1_1,Amigna
ETH,Ethiopia,ETH.8_1,Oromia,ETH.8.1_1,Arsi,ETH.8.1.2_1,Aseko
ETH,Ethiopia,ETH.8_1,Oromia,ETH.8.1_1,Arsi,ETH.8.1.7_1,Dodota
ETH,Ethiopia,ETH.8_1,Oromia,ETH.8.1_1,Arsi,ETH.8.1.8_1,Gololcha Arsi
ETH,Ethiopia,ETH.8_1,Oromia,ETH.8.1_1,Arsi,ETH.8.1.5_1,Degeluna Tijo
ETH,Ethiopia,ETH.8_1,Oromia,ETH.8.1_1,Arsi,ETH.8.1.6_1,Diksis
ETH,Ethiopia,ETH.8_1,Oromia,ETH.8.1_1,Arsi,ETH.8.1.11_1,Inkolo Wabe
ETH,Ethiopia,ETH.8_1,Oromia,ETH.8.1_1,Arsi,ETH.8.1.12_1,Jeju
ETH,Ethiopia,ETH.8_1,Oromia,ETH.8.1_1,Arsi,ETH.8.1.9_1,Guna
ETH,Ethiopia,ETH.8_1,Oromia,ETH.8.1_1,Arsi,ETH.8.1.10_1,Hitosa
ETH,Ethiopia,ETH.8_1,Oromia,ETH.8.1_1,Arsi,ETH.8.1.15_1,Merti
ETH,Ethiopia,ETH.8_1,Oromia,ETH.8.1_1,Arsi,ETH.8.1.16_1,Munessa
ETH,Ethiopia,ETH.8_1,Oromia,ETH.8.1_1,Arsi,ETH.8.1.13_1,Limu Bilbilo
ETH,Ethiopia,ETH.8_1,Oromia,ETH.8.1_1,Arsi,ETH.8.1.14_1,Lude Hitosa
ETH,Ethiopia,ETH.6_1,Gambela Peoples,ETH.6.1_1,Agnuak,ETH.6.1.1_1,Abobo
ETH,Ethiopia,ETH.6_1,Gambela Peoples,ETH.6.1_1,Agnuak,ETH.6.1.2_1,Dima
ETH,Ethiopia,ETH.5_1,Dire Dawa,ETH.5.1_1,Dire Dawa,ETH.5.1.1_1,Dire Dawa
ETH,Ethiopia,ETH.5_1,Dire Dawa,ETH.5.1_1,Dire Dawa,ETH.5.1.2_1,Dire Dawa/Town
ETH,Ethiopia,ETH.6_1,Gambela Peoples,ETH.6.1_1,Agnuak,ETH.6.1.5_1,Gog
ETH,Ethiopia,ETH.6_1,Gambela Peoples,ETH.6.1_1,Agnuak,ETH.6.1.6_1,Itang
ETH,Ethiopia,ETH.6_1,Gambela Peoples,ETH.6.1_1,Agnuak,ETH.6.1.3_1,Gambela Zuria
ETH,Ethiopia,ETH.6_1,Gambela Peoples,ETH.6.1_1,Agnuak,ETH.6.1.4_1,Gambella Wild Life Reserve
ETH,Ethiopia,ETH.6_1,Gambela Peoples,ETH.6.2_1,Majang,ETH.6.2.2_1,Mengesh
ETH,Ethiopia,ETH.6_1,Gambela Peoples,ETH.6.3_1,Nuer,ETH.6.3.1_1,Akobo
ETH,Ethiopia,ETH.6_1,Gambela Peoples,ETH.6.1_1,Agnuak,ETH.6.1.7_1,Jore
ETH,Ethiopia,ETH.6_1,Gambela Peoples,ETH.6.2_1,Majang,ETH.6.2.1_1,Godere
ETH,Ethiopia,ETH.6_1,Gambela Peoples,ETH.6.3_1,Nuer,ETH.6.3.4_1,Wantawo
ETH,Ethiopia,ETH.7_1,Harari People,ETH.7.1_1,Hareri,ETH.7.1.1_1,Harar
ETH,Ethiopia,ETH.6_1,Gambela Peoples,ETH.6.3_1,Nuer,ETH.6.3.2_1,Jikawo
ETH,Ethiopia,ETH.6_1,Gambela Peoples,ETH.6.3_1,Nuer,ETH.6.3.3_1,Lare
ETH,Ethiopia,ETH.8_1,Oromia,ETH.8.2_1,Bale,ETH.8.2.11_1,Harena Buluk
ETH,Ethiopia,ETH.8_1,Oromia,ETH.8.2_1,Bale,ETH.8.2.12_1,Lege Hida
ETH,Ethiopia,ETH.8_1,Oromia,ETH.8.2_1,Bale,ETH.8.2.9_1,Goro
ETH,Ethiopia,ETH.8_1,Oromia,ETH.8.2_1,Bale,ETH.8.2.10_1,Gura Damole
ETH,Ethiopia,ETH.8_1,Oromia,ETH.8.2_1,Bale,ETH.8.2.15_1,Rayitu
ETH,Ethiopia,ETH.8_1,Oromia,ETH.8.2_1,Bale,ETH.8.2.16_1,Seweyna
ETH,Ethiopia,ETH.8_1,Oromia,ETH.8.2_1,Bale,ETH.8.2.13_1,Meda Welabu
ETH,Ethiopia,ETH.8_1,Oromia,ETH.8.2_1,Bale,ETH.8.2.14_1,Mena
ETH,Ethiopia,ETH.8_1,Oromia,ETH.8.3_1,Borena,ETH.8.3.2_1,Arero
ETH,Ethiopia,ETH.8_1,Oromia,ETH.8.3_1,Borena,ETH.8.3.3_1,Bule Hora
ETH,Ethiopia,ETH.8_1,Oromia,ETH.8.2_1,Bale,ETH.8.2.17_1,Sinana
ETH,Ethiopia,ETH.8_1,Oromia,ETH.8.3_1,Borena,ETH.8.3.1_1,Abaya
ETH,Ethiopia,ETH.8_1,Oromia,ETH.8.3_1,Borena,ETH.8.3.6_1,Dire
ETH,Ethiopia,ETH.8_1,Oromia,ETH.8.3_1,Borena,ETH.8.3.7_1,Dugda Dawa
ETH,Ethiopia,ETH.8_1,Oromia,ETH.8.3_1,Borena,ETH.8.3.4_1,Dehas
ETH,Ethiopia,ETH.8_1,Oromia,ETH.8.3_1,Borena,ETH.8.3.5_1,Dillo
ETH,Ethiopia,ETH.8_1,Oromia,ETH.8.1_1,Arsi,ETH.8.1.19_1,Shirka
ETH,Ethiopia,ETH.8_1,Oromia,ETH.8.1_1,Arsi,ETH.8.1.20_1,Sire
ETH,Ethiopia,ETH.8_1,Oromia,ETH.8.1_1,Arsi,ETH.8.1.17_1,Robe
ETH,Ethiopia,ETH.8_1,Oromia,ETH.8.1_1,Arsi,ETH.8.1.18_1,Seru
ETH,Ethiopia,ETH.8_1,Oromia,ETH.8.1_1,Arsi,ETH.8.1.23_1,Tiyo
ETH,Ethiopia,ETH.8_1,Oromia,ETH.8.1_1,Arsi,ETH.8.1.24_1,Ziway Dugda
ETH,Ethiopia,ETH.8_1,Oromia,ETH.8.1_1,Arsi,ETH.8.1.21_1,Sude
ETH,Ethiopia,ETH.8_1,Oromia,ETH.8.1_1,Arsi,ETH.8.1.22_1,Tena
ETH,Ethiopia,ETH.8_1,Oromia,ETH.8.2_1,Bale,ETH.8.2.3_1,Dawe Kachen
ETH,Ethiopia,ETH.8_1,Oromia,ETH.8.2_1,Bale,ETH.8.2.4_1,Dinsho
ETH,Ethiopia,ETH.8_1,Oromia,ETH.8.2_1,Bale,ETH.8.2.1_1,Agarfa
ETH,Ethiopia,ETH.8_1,Oromia,ETH.8.2_1,Bale,ETH.8.2.2_1,Berbere
ETH,Ethiopia,ETH.8_1,Oromia,ETH.8.2_1,Bale,ETH.8.2.7_1,Goba
ETH,Ethiopia,ETH.8_1,Oromia,ETH.8.2_1,Bale,ETH.8.2.8_1,Gololcha Bale
ETH,Ethiopia,ETH.8_1,Oromia,ETH.8.2_1,Bale,ETH.8.2.5_1,Gasera
ETH,Ethiopia,ETH.8_1,Oromia,ETH.8.2_1,Bale,ETH.8.2.6_1,Ginir
ETH,Ethiopia,ETH.10_1,"Southern Nations, Nationalities and Peoples",ETH.10.5_1,Bench Maji,ETH.10.5.6_1,Menit Shasha
ETH,Ethiopia,ETH.10_1,"Southern Nations, Nationalities and Peoples",ETH.10.5_1,Bench Maji,ETH.10.5.7_1,Semen Bench
ETH,Ethiopia,ETH.10_1,"Southern Nations, Nationalities and Peoples",ETH.10.5_1,Bench Maji,ETH.10.5.4_1,Maji
ETH,Ethiopia,ETH.10_1,"Southern Nations, Nationalities and Peoples",ETH.10.5_1,Bench Maji,ETH.10.5.5_1,Menit Goldiye
ETH,Ethiopia,ETH.10_1,"Southern Nations, Nationalities and Peoples",ETH.10.5_1,Bench Maji,ETH.10.5.10_1,Surma
ETH,Ethiopia,ETH.10_1,"Southern Nations, Nationalities and Peoples",ETH.10.6_1,Burji,ETH.10.6.1_1,Burji
ETH,Ethiopia,ETH.10_1,"Southern Nations, Nationalities and Peoples",ETH.10.5_1,Bench Maji,ETH.10.5.8_1,Shay Bench
ETH,Ethiopia,ETH.10_1,"Southern Nations, Nationalities and Peoples",ETH.10.5_1,Bench Maji,ETH.10.5.9_1,Sheka
ETH,Ethiopia,ETH.10_1,"Southern Nations, Nationalities and Peoples",ETH.10.7_1,Dawro,ETH.10.7.3_1,Loma Bosa
ETH,Ethiopia,ETH.10_1,"Southern Nations, Nationalities and Peoples",ETH.10.7_1,Dawro,ETH.10.7.4_1,Mareka
ETH,Ethiopia,ETH.10_1,"Southern Nations, Nationalities and Peoples",ETH.10.7_1,Dawro,ETH.10.7.1_1,Esira
ETH,Ethiopia,ETH.10_1,"Southern Nations, Nationalities and Peoples",ETH.10.7_1,Dawro,ETH.10.7.2_1,Gena Bosa
ETH,Ethiopia,ETH.10_1,"Southern Nations, Nationalities and Peoples",ETH.10.8_1,Debub Omo,ETH.10.8.2_1,Bena Tsemay
ETH,Ethiopia,ETH.10_1,"Southern Nations, Nationalities and Peoples",ETH.10.8_1,Debub Omo,ETH.10.8.3_1,Dasenech (Kuraz)
ETH,Ethiopia,ETH.10_1,"Southern Nations, Nationalities and Peoples",ETH.10.7_1,Dawro,ETH.10.7.5_1,Tocha
ETH,Ethiopia,ETH.10_1,"Southern Nations, Nationalities and Peoples",ETH.10.8_1,Debub Omo,ETH.10.8.1_1,Bako Gazer
ETH,Ethiopia,ETH.9_1,Somali,ETH.9.8_1,Shabelle,ETH.9.8.7_1,Mustahil
ETH,Ethiopia,ETH.9_1,Somali,ETH.9.9_1,Siti,ETH.9.9.1_1,Afdem
ETH,Ethiopia,ETH.9_1,Somali,ETH.9.8_1,Shabelle,ETH.9.8.5_1,Gode
ETH,Ethiopia,ETH.9_1,Somali,ETH.9.8_1,Shabelle,ETH.9.8.6_1,Kelafo
ETH,Ethiopia,ETH.9_1,Somali,ETH.9.9_1,Siti,ETH.9.9.4_1,Erer
ETH,Ethiopia,ETH.9_1,Somali,ETH.9.9_1,Siti,ETH.9.9.5_1,Miesso
ETH,Ethiopia,ETH.9_1,Somali,ETH.9.9_1,Siti,ETH.9.9.2_1,Ayisha
ETH,Ethiopia,ETH.9_1,Somali,ETH.9.9_1,Siti,ETH.9.9.3_1,Dembel
ETH,Ethiopia,ETH.10_1,"Southern Nations, Nationalities and Peoples",ETH.10.2_1,Alle,ETH.10.2.1_1,Alle
ETH,Ethiopia,ETH.10_1,"Southern Nations, Nationalities and Peoples",ETH.10.3_1,Amaro,ETH.10.3.1_1,Amaro
ETH,Ethiopia,ETH.9_1,Somali,ETH.9.9_1,Siti,ETH.9.9.6_1,Shinile
ETH,Ethiopia,ETH.10_1,"Southern Nations, Nationalities and Peoples",ETH.10.1_1,Alaba,ETH.10.1.1_1,Alaba
ETH,Ethiopia,ETH.10_1,"Southern Nations, Nationalities and Peoples",ETH.10.5_1,Bench Maji,ETH.10.5.2_1,Debub Bench
ETH,Ethiopia,ETH.10_1,"Southern Nations, Nationalities and Peoples",ETH.10.5_1,Bench Maji,ETH.10.5.3_1,Gurafereda
ETH,Ethiopia,ETH.10_1,"Southern Nations, Nationalities and Peoples",ETH.10.4_1,Basketo,ETH.10.4.1_1,Basketo
ETH,Ethiopia,ETH.10_1,"Southern Nations, Nationalities and Peoples",ETH.10.5_1,Bench Maji,ETH.10.5.1_1,Bero
ETH,Ethiopia,ETH.10_1,"Southern Nations, Nationalities and Peoples",ETH.10.10_1,Gamo Gofa,ETH.10.10.13_1,Mirab Abaya
ETH,Ethiopia,ETH.10_1,"Southern Nations, Nationalities and Peoples",ETH.10.10_1,Gamo Gofa,ETH.10.10.14_1,Ubadebretsehay
ETH,Ethiopia,ETH.10_1,"Southern Nations, Nationalities and Peoples",ETH.10.10_1,Gamo Gofa,ETH.10.10.11_1,Kucha
ETH,Ethiopia,ETH.10_1,"Southern Nations, Nationalities and Peoples",ETH.10.10_1,Gamo Gofa,ETH.10.10.12_1,Melekoza
ETH,Ethiopia,ETH.10_1,"Southern Nations, Nationalities and Peoples",ETH.10.11_1,Gedeo,ETH.10.11.2_1,Dila Zuria
ETH,Ethiopia,ETH.10_1,"Southern Nations, Nationalities and Peoples",ETH.10.11_1,Gedeo,ETH.10.11.3_1,Kochere
ETH,Ethiopia,ETH.10_1,"Southern Nations, Nationalities and Peoples",ETH.10.10_1,Gamo Gofa,ETH.10.10.15_1,Zala
ETH,Ethiopia,ETH.10_1,"Southern Nations, Nationalities and Peoples",ETH.10.11_1,Gedeo,ETH.10.11.1_1,Bule
ETH,Ethiopia,ETH.10_1,"Southern Nations, Nationalities and Peoples",ETH.10.11_1,Gedeo,ETH.10.11.6_1,Yirgachefe
ETH,Ethiopia,ETH.10_1,"Southern Nations, Nationalities and Peoples",ETH.10.12_1,Gurage,ETH.10.12.1_1,Abeshege
ETH,Ethiopia,ETH.10_1,"Southern Nations, Nationalities and Peoples",ETH.10.11_1,Gedeo,ETH.10.11.4_1,Kochere Gedeb
ETH,Ethiopia,ETH.10_1,"Southern Nations, Nationalities and Peoples",ETH.10.11_1,Gedeo,ETH.10.11.5_1,Wenago
ETH,Ethiopia,ETH.10_1,"Southern Nations, Nationalities and Peoples",ETH.10.12_1,Gurage,ETH.10.12.4_1,Enemorina Eaner
ETH,Ethiopia,ETH.10_1,"Southern Nations, Nationalities and Peoples",ETH.10.12_1,Gurage,ETH.10.12.5_1,Ezha
ETH,Ethiopia,ETH.10_1,"Southern Nations, Nationalities and Peoples",ETH.10.12_1,Gurage,ETH.10.12.2_1,Cheha
ETH,Ethiopia,ETH.10_1,"Southern Nations, Nationalities and Peoples",ETH.10.12_1,Gurage,ETH.10.12.3_1,Endiguagn
ETH,Ethiopia,ETH.10_1,"Southern Nations, Nationalities and Peoples",ETH.10.8_1,Debub Omo,ETH.10.8.6_1,Hamer
ETH,Ethiopia,ETH.10_1,"Southern Nations, Nationalities and Peoples",ETH.10.8_1,Debub Omo,ETH.10.8.7_1,Male
ETH,Ethiopia,ETH.10_1,"Southern Nations, Nationalities and Peoples",ETH.10.8_1,Debub Omo,ETH.10.8.4_1,Gelila
ETH,Ethiopia,ETH.10_1,"Southern Nations, Nationalities and Peoples",ETH.10.8_1,Debub Omo,ETH.10.8.5_1,Gnangatom
ETH,Ethiopia,ETH.10_1,"Southern Nations, Nationalities and Peoples",ETH.10.10_1,Gamo Gofa,ETH.10.10.1_1,Arba Minch Zuria
ETH,Ethiopia,ETH.10_1,"Southern Nations, Nationalities and Peoples",ETH.10.10_1,Gamo Gofa,ETH.10.10.2_1,Ayida
ETH,Ethiopia,ETH.10_1,"Southern Nations, Nationalities and Peoples",ETH.10.8_1,Debub Omo,ETH.10.8.8_1,Selamgo
ETH,Ethiopia,ETH.10_1,"Southern Nations, Nationalities and Peoples",ETH.10.9_1,Derashe,ETH.10.9.1_1,Derashe
ETH,Ethiopia,ETH.10_1,"Southern Nations, Nationalities and Peoples",ETH.10.10_1,Gamo Gofa,ETH.10.10.5_1,Chencha
ETH,Ethiopia,ETH.10_1,"Southern Nations, Nationalities and Peoples",ETH.10.10_1,Gamo Gofa,ETH.10.10.6_1,Daramalo
ETH,Ethiopia,ETH.10_1,"Southern Nations, Nationalities and Peoples",ETH.10.10_1,Gamo Gofa,ETH.10.10.3_1,Bonke
ETH,Ethiopia,ETH.10_1,"Southern Nations, Nationalities and Peoples",ETH.10.10_1,Gamo Gofa,ETH.10.10.4_1,Boreda
ETH,Ethiopia,ETH.10_1,"Southern Nations, Nationalities and Peoples",ETH.10.10_1,Gamo Gofa,ETH.10.10.9_1,Geze Gofa
ETH,Ethiopia,ETH.10_1,"Southern Nations, Nationalities and Peoples",ETH.10.10_1,Gamo Gofa,ETH.10.10.10_1,Kemba
ETH,Ethiopia,ETH.10_1,"Southern Nations, Nationalities and Peoples",ETH.10.10_1,Gamo Gofa,ETH.10.10.7_1,Denibu Gofa
ETH,Ethiopia,ETH.10_1,"Southern Nations, Nationalities and Peoples",ETH.10.10_1,Gamo Gofa,ETH.10.10.8_1,Dita
ETH,Ethiopia,ETH.10_1,"Southern Nations, Nationalities and Peoples",ETH.10.14_1,Keffa,ETH.10.14.1_1,Bita
ETH,Ethiopia,ETH.10_1,"Southern Nations, Nationalities and Peoples",ETH.10.14_1,Keffa,ETH.10.14.2_1,Chena
ETH,Ethiopia,ETH.10_1,"Southern Nations, Nationalities and Peoples",ETH.10.13_1,Hadiya,ETH.10.13.9_1,Shashogo
ETH,Ethiopia,ETH.10_1,"Southern Nations, Nationalities and Peoples",ETH.10.13_1,Hadiya,ETH.10.13.10_1,Soro
ETH,Ethiopia,ETH.10_1,"Southern Nations, Nationalities and Peoples",ETH.10.14_1,Keffa,ETH.10.14.5_1,Gesha (Deka)
ETH,Ethiopia,ETH.10_1,"Southern Nations, Nationalities and Peoples",ETH.10.14_1,Keffa,ETH.10.14.6_1,Getawa
ETH,Ethiopia,ETH.10_1,"Southern Nations, Nationalities and Peoples",ETH.10.14_1,Keffa,ETH.10.14.3_1,Cheta
ETH,Ethiopia,ETH.10_1,"Southern Nations, Nationalities and Peoples",ETH.10.14_1,Keffa,ETH.10.14.4_1,Decha
ETH,Ethiopia,ETH.10_1,"Southern Nations, Nationalities and Peoples",ETH.10.14_1,Keffa,ETH.10.14.9_1,Sayilem
ETH,Ethiopia,ETH.10_1,"Southern Nations, Nationalities and Peoples",ETH.10.14_1,Keffa,ETH.10.14.10_1,Tulo
ETH,Ethiopia,ETH.10_1,"Southern Nations, Nationalities and Peoples",ETH.10.14_1,Keffa,ETH.10.14.7_1,Gimbo
ETH,Ethiopia,ETH.10_1,"Southern Nations, Nationalities and Peoples",ETH.10.14_1,Keffa,ETH.10.14.8_1,Menjiwo
ETH,Ethiopia,ETH.10_1,"Southern Nations, Nationalities and Peoples",ETH.10.15_1,Kembata Tembaro,ETH.10.15.3_1,Doya Gena
ETH,Ethiopia,ETH.10_1,"Southern Nations, Nationalities and Peoples",ETH.10.15_1,Kembata Tembaro,ETH.10.15.4_1,Hadero Tubito
ETH,Ethiopia,ETH.10_1,"Southern Nations, Nationalities and Peoples",ETH.10.15_1,Kembata Tembaro,ETH.10.15.1_1,Anigacha
ETH,Ethiopia,ETH.10_1,"Southern Nations, Nationalities and Peoples",ETH.10.15_1,Kembata Tembaro,ETH.10.15.2_1,Daniboya
ETH,Ethiopia,ETH.10_1,"Southern Nations, Nationalities and Peoples",ETH.10.12_1,Gurage,ETH.10.12.8_1,Kebena
ETH,Ethiopia,ETH.10_1,"Southern Nations, Nationalities and Peoples",ETH.10.12_1,Gurage,ETH.10.12.9_1,Kokir Gedbano
ETH,Ethiopia,ETH.10_1,"Southern Nations, Nationalities and Peoples",ETH.10.12_1,Gurage,ETH.10.12.6_1,Geta
ETH,Ethiopia,ETH.10_1,"Southern Nations, Nationalities and Peoples",ETH.10.12_1,Gurage,ETH.10.12.7_1,Gumer
ETH,Ethiopia,ETH.10_1,"Southern Nations, Nationalities and Peoples",ETH.10.12_1,Gurage,ETH.10.12.12_1,Muhur Na Aklil
ETH,Ethiopia,ETH.10_1,"Southern Nations, Nationalities and Peoples",ETH.10.12_1,Gurage,ETH.10.12.13_1,Sodo
ETH,Ethiopia,ETH.10_1,"Southern Nations, Nationalities and Peoples",ETH.10.12_1,Gurage,ETH.10.12.10_1,Mareko
ETH,Ethiopia,ETH.10_1,"Southern Nations, Nationalities and Peoples",ETH.10.12_1,Gurage,ETH.10.12.11_1,Meskan
ETH,Ethiopia,ETH.10_1,"Southern Nations, Nationalities and Peoples",ETH.10.13_1,Hadiya,ETH.10.13.3_1,Gembora
ETH,Ethiopia,ETH.10_1,"Southern Nations, Nationalities and Peoples",ETH.10.13_1,Hadiya,ETH.10.13.4_1,Gibe
ETH,Ethiopia,ETH.10_1,"Southern Nations, Nationalities and Peoples",ETH.10.13_1,Hadiya,ETH.10.13.1_1,Analemmo
ETH,Ethiopia,ETH.10_1,"Southern Nations, Nationalities and Peoples",ETH.10.13_1,Hadiya,ETH.10.13.2_1,Dune
ETH,Ethiopia,ETH.10_1,"Southern Nations, Nationalities and Peoples",ETH.10.13_1,Hadiya,ETH.10.13.7_1,Misha
ETH,Ethiopia,ETH.10_1,"Southern Nations, Nationalities and Peoples",ETH.10.13_1,Hadiya,ETH.10.13.8_1,Misrak Badawacho
ETH,Ethiopia,ETH.10_1,"Southern Nations, Nationalities and Peoples",ETH.10.13_1,Hadiya,ETH.10.13.5_1,Limu
ETH,Ethiopia,ETH.10_1,"Southern Nations, Nationalities and Peoples",ETH.10.13_1,Hadiya,ETH.10.13.6_1,Mierab Badawacho
ETH,Ethiopia,ETH.10_1,"Southern Nations, Nationalities and Peoples",ETH.10.19_1,Sidama,ETH.10.19.11_1,Chuko
ETH,Ethiopia,ETH.10_1,"Southern Nations, Nationalities and Peoples",ETH.10.19_1,Sidama,ETH.10.19.12_1,Dale
ETH,Ethiopia,ETH.10_1,"Southern Nations, Nationalities and Peoples",ETH.10.19_1,Sidama,ETH.10.19.9_1,Bursa
ETH,Ethiopia,ETH.10_1,"Southern Nations, Nationalities and Peoples",ETH.10.19_1,Sidama,ETH.10.19.10_1,Chire
ETH,Ethiopia,ETH.10_1,"Southern Nations, Nationalities and Peoples",ETH.10.19_1,Sidama,ETH.10.19.15_1,Hulla
ETH,Ethiopia,ETH.10_1,"Southern Nations, Nationalities and Peoples",ETH.10.19_1,Sidama,ETH.10.19.16_1,Loka Abaya
ETH,Ethiopia,ETH.10_1,"Southern Nations, Nationalities and Peoples",ETH.10.19_1,Sidama,ETH.10.19.13_1,Dara
ETH,Ethiopia,ETH.10_1,"Southern Nations, Nationalities and Peoples",ETH.10.19_1,Sidama,ETH.10.19.14_1,Gorche
ETH,Ethiopia,ETH.10_1,"Southern Nations, Nationalities and Peoples",ETH.10.19_1,Sidama,ETH.10.19.19_1,Wondo-Genet
ETH,Ethiopia,ETH.10_1,"Southern Nations, Nationalities and Peoples",ETH.10.19_1,Sidama,ETH.10.19.20_1,Wonosho
ETH,Ethiopia,ETH.10_1,"Southern Nations, Nationalities and Peoples",ETH.10.19_1,Sidama,ETH.10.19.17_1,Malga
ETH,Ethiopia,ETH.10_1,"Southern Nations, Nationalities and Peoples",ETH.10.19_1,Sidama,ETH.10.19.18_1,Shebe Dino
ETH,Ethiopia,ETH.10_1,"Southern Nations, Nationalities and Peoples",ETH.10.20_1,Silti,ETH.10.20.3_1,Lanfero
ETH,Ethiopia,ETH.10_1,"Southern Nations, Nationalities and Peoples",ETH.10.20_1,Silti,ETH.10.20.4_1,Mierab Azenet Berbere
ETH,Ethiopia,ETH.10_1,"Southern Nations, Nationalities and Peoples",ETH.10.20_1,Silti,ETH.10.20.1_1,Alicho Woriro
ETH,Ethiopia,ETH.10_1,"Southern Nations, Nationalities and Peoples",ETH.10.20_1,Silti,ETH.10.20.2_1,Dalocha
ETH,Ethiopia,ETH.10_1,"Southern Nations, Nationalities and Peoples",ETH.10.15_1,Kembata Tembaro,ETH.10.15.7_1,Tembaro
ETH,Ethiopia,ETH.10_1,"Southern Nations, Nationalities and Peoples",ETH.10.16_1,Konso,ETH.10.16.1_1,Konso
ETH,Ethiopia,ETH.10_1,"Southern Nations, Nationalities and Peoples",ETH.10.15_1,Kembata Tembaro,ETH.10.15.5_1,Kacha Bira
ETH,Ethiopia,ETH.10_1,"Southern Nations, Nationalities and Peoples",ETH.10.15_1,Kembata Tembaro,ETH.10.15.6_1,Kediada Gambela
ETH,Ethiopia,ETH.10_1,"Southern Nations, Nationalities and Peoples",ETH.10.18_1,Sheka,ETH.10.18.2_1,Masha
ETH,Ethiopia,ETH.10_1,"Southern Nations, Nationalities and Peoples",ETH.10.18_1,Sheka,ETH.10.18.3_1,Yeki
ETH,Ethiopia,ETH.10_1,"Southern Nations, Nationalities and Peoples",ETH.10.17_1,Konta,ETH.10.17.1_1,Konta
ETH,Ethiopia,ETH.10_1,"Southern Nations, Nationalities and Peoples",ETH.10.18_1,Sheka,ETH.10.18.1_1,Anderacha
ETH,Ethiopia,ETH.10_1,"Southern Nations, Nationalities and Peoples",ETH.10.19_1,Sidama,ETH.10.19.3_1,Aroresa
ETH,Ethiopia,ETH.10_1,"Southern Nations, Nationalities and Peoples",ETH.10.19_1,Sidama,ETH.10.19.4_1,Awasa
ETH,Ethiopia,ETH.10_1,"Southern Nations, Nationalities and Peoples",ETH.10.19_1,Sidama,ETH.10.19.1_1,Aleta Wendo
ETH,Ethiopia,ETH.10_1,"Southern Nations, Nationalities and Peoples",ETH.10.19_1,Sidama,ETH.10.19.2_1,Arbe Gonna
ETH,Ethiopia,ETH.10_1,"Southern Nations, Nationalities and Peoples",ETH.10.19_1,Sidama,ETH.10.19.7_1,Bona Zuria
ETH,Ethiopia,ETH.10_1,"Southern Nations, Nationalities and Peoples",ETH.10.19_1,Sidama,ETH.10.19.8_1,Boricha
ETH,Ethiopia,ETH.10_1,"Southern Nations, Nationalities and Peoples",ETH.10.19_1,Sidama,ETH.10.19.5_1,Awasa Zuria
ETH,Ethiopia,ETH.10_1,"Southern Nations, Nationalities and Peoples",ETH.10.19_1,Sidama,ETH.10.19.6_1,Bensa
ETH,Ethiopia,ETH.11_1,Tigray,ETH.11.1_1,Debubawi,ETH.11.1.2_1,Alamata
ETH,Ethiopia,ETH.11_1,Tigray,ETH.11.1_1,Debubawi,ETH.11.1.3_1,Endamehoni
ETH,Ethiopia,ETH.10_1,"Southern Nations, Nationalities and Peoples",ETH.10.22_1,Yem,ETH.10.22.1_1,Yem
ETH,Ethiopia,ETH.11_1,Tigray,ETH.11.1_1,Debubawi,ETH.11.1.1_1,Alaje
ETH,Ethiopia,ETH.11_1,Tigray,ETH.11.1_1,Debubawi,ETH.11.1.6_1,Ofla
ETH,Ethiopia,ETH.11_1,Tigray,ETH.11.1_1,Debubawi,ETH.11.1.7_1,Raya Azebo
ETH,Ethiopia,ETH.11_1,Tigray,ETH.11.1_1,Debubawi,ETH.11.1.4_1,Enderta
ETH,Ethiopia,ETH.11_1,Tigray,ETH.11.1_1,Debubawi,ETH.11.1.5_1,Hintalo Wejirat
ETH,Ethiopia,ETH.11_1,Tigray,ETH.11.2_1,Mehakelegnaw,ETH.11.2.2_1,Ahferom
ETH,Ethiopia,ETH.11_1,Tigray,ETH.11.2_1,Mehakelegnaw,ETH.11.2.3_1,Degua Temben
ETH,Ethiopia,ETH.11_1,Tigray,ETH.11.1_1,Debubawi,ETH.11.1.8_1,Saharti Samre
ETH,Ethiopia,ETH.11_1,Tigray,ETH.11.2_1,Mehakelegnaw,ETH.11.2.1_1,Adwa
ETH,Ethiopia,ETH.11_1,Tigray,ETH.11.2_1,Mehakelegnaw,ETH.11.2.6_1,Mereb Leke
ETH,Ethiopia,ETH.11_1,Tigray,ETH.11.2_1,Mehakelegnaw,ETH.11.2.7_1,Naeder Adet
ETH,Ethiopia,ETH.11_1,Tigray,ETH.11.2_1,Mehakelegnaw,ETH.11.2.4_1,Kola Temben
ETH,Ethiopia,ETH.11_1,Tigray,ETH.11.2_1,Mehakelegnaw,ETH.11.2.5_1,Laelay Maychew
ETH,Ethiopia,ETH.10_1,"Southern Nations, Nationalities and Peoples",ETH.10.20_1,Silti,ETH.10.20.7_1,Selti
ETH,Ethiopia,ETH.10_1,"Southern Nations, Nationalities and Peoples",ETH.10.20_1,Silti,ETH.10.20.8_1,Wilbareg
ETH,Ethiopia,ETH.10_1,"Southern Nations, Nationalities and Peoples",ETH.10.20_1,Silti,ETH.10.20.5_1,Misrak Azenet Berbere
ETH,Ethiopia,ETH.10_1,"Southern Nations, Nationalities and Peoples",ETH.10.20_1,Silti,ETH.10.20.6_1,Sankura
ETH,Ethiopia,ETH.10_1,"Southern Nations, Nationalities and Peoples",ETH.10.21_1,Wolayita,ETH.10.21.3_1,Damot Gale
ETH,Ethiopia,ETH.10_1,"Southern Nations, Nationalities and Peoples",ETH.10.21_1,Wolayita,ETH.10.21.4_1,Damot Pulasa
ETH,Ethiopia,ETH.10_1,"Southern Nations, Nationalities and Peoples",ETH.10.21_1,Wolayita,ETH.10.21.1_1,Boloso Bombe
ETH,Ethiopia,ETH.10_1,"Southern Nations, Nationalities and Peoples",ETH.10.21_1,Wolayita,ETH.10.21.2_1,Boloso sore
ETH,Ethiopia,ETH.10_1,"Southern Nations, Nationalities and Peoples",ETH.10.21_1,Wolayita,ETH.10.21.7_1,Diguna Fango
ETH,Ethiopia,ETH.10_1,"Southern Nations, Nationalities and Peoples",ETH.10.21_1,Wolayita,ETH.10.21.8_1,Humbo
ETH,Ethiopia,ETH.10_1,"Southern Nations, Nationalities and Peoples",ETH.10.21_1,Wolayita,ETH.10.21.5_1,Damot Sore
ETH,Ethiopia,ETH.10_1,"Southern Nations, Nationalities and Peoples",ETH.10.21_1,Wolayita,ETH.10.21.6_1,Damot Weydie
ETH,Ethiopia,ETH.10_1,"Southern Nations, Nationalities and Peoples",ETH.10.21_1,Wolayita,ETH.10.21.11_1,Ofa
ETH,Ethiopia,ETH.10_1,"Southern Nations, Nationalities and Peoples",ETH.10.21_1,Wolayita,ETH.10.21.12_1,Sodo Zuria
ETH,Ethiopia,ETH.10_1,"Southern Nations, Nationalities and Peoples",ETH.10.21_1,Wolayita,ETH.10.21.9_1,Kindo Dida
ETH,Ethiopia,ETH.10_1,"Southern Nations, Nationalities and Peoples",ETH.10.21_1,Wolayita,ETH.10.21.10_1,Kindo Koysha
ETH,Ethiopia,ETH.11_1,Tigray,ETH.11.5_1,Semien Mi'irabaw,ETH.11.5.6_1,Tselemti
ETH,Ethiopia,ETH.11_1,Tigray,ETH.11.5_1,Semien Mi'irabaw,ETH.11.5.4_1,Tahtay Adiyabo
ETH,Ethiopia,ETH.11_1,Tigray,ETH.11.5_1,Semien Mi'irabaw,ETH.11.5.5_1,Tahtay Koraro
ETH,Ethiopia,ETH.11_1,Tigray,ETH.11.2_1,Mehakelegnaw,ETH.11.2.10_1,Werei Leke
ETH,Ethiopia,ETH.11_1,Tigray,ETH.11.3_1,Mi'irabawi,ETH.11.3.1_1,Kafta Humera
ETH,Ethiopia,ETH.11_1,Tigray,ETH.11.2_1,Mehakelegnaw,ETH.11.2.8_1,Tahtay Maychew
ETH,Ethiopia,ETH.11_1,Tigray,ETH.11.2_1,Mehakelegnaw,ETH.11.2.9_1,Tanqua Abergele
ETH,Ethiopia,ETH.11_1,Tigray,ETH.11.4_1,Misraqawi,ETH.11.4.1_1,Atsbi Wenberta
ETH,Ethiopia,ETH.11_1,Tigray,ETH.11.4_1,Misraqawi,ETH.11.4.2_1,Erob
ETH,Ethiopia,ETH.11_1,Tigray,ETH.11.3_1,Mi'irabawi,ETH.11.3.2_1,Tsegede
ETH,Ethiopia,ETH.11_1,Tigray,ETH.11.3_1,Mi'irabawi,ETH.11.3.3_1,Welkait
ETH,Ethiopia,ETH.11_1,Tigray,ETH.11.4_1,Misraqawi,ETH.11.4.5_1,Hawzen
ETH,Ethiopia,ETH.11_1,Tigray,ETH.11.4_1,Misraqawi,ETH.11.4.6_1,Kelete Awelallo
ETH,Ethiopia,ETH.11_1,Tigray,ETH.11.4_1,Misraqawi,ETH.11.4.3_1,Ganta Afeshum
ETH,Ethiopia,ETH.11_1,Tigray,ETH.11.4_1,Misraqawi,ETH.11.4.4_1,Gulomekeda
ETH,Ethiopia,ETH.11_1,Tigray,ETH.11.5_1,Semien Mi'irabaw,ETH.11.5.2_1,Laelay Adiyabo
ETH,Ethiopia,ETH.11_1,Tigray,ETH.11.5_1,Semien Mi'irabaw,ETH.11.5.3_1,Medebay Zana
ETH,Ethiopia,ETH.11_1,Tigray,ETH.11.4_1,Misraqawi,ETH.11.4.7_1,Saesie Tsaedaemba
ETH,Ethiopia,ETH.11_1,Tigray,ETH.11.5_1,Semien Mi'irabaw,ETH.11.5.1_1,Asgede Tsimbila
ETH,Ethiopia,ETH.8_1,Oromia,ETH.8.4_1,Debub Mirab Shewa,ETH.8.4.13_1,Wenchi
ETH,Ethiopia,ETH.8_1,Oromia,ETH.8.5_1,Guji,ETH.8.5.1_1,Adola
ETH,Ethiopia,ETH.8_1,Oromia,ETH.8.4_1,Debub Mirab Shewa,ETH.8.4.11_1,Tole
ETH,Ethiopia,ETH.8_1,Oromia,ETH.8.4_1,Debub Mirab Shewa,ETH.8.4.12_1,Waliso
ETH,Ethiopia,ETH.8_1,Oromia,ETH.8.5_1,Guji,ETH.8.5.4_1,Bore
ETH,Ethiopia,ETH.8_1,Oromia,ETH.8.5_1,Guji,ETH.8.5.5_1,Girja (Harenfema)
ETH,Ethiopia,ETH.8_1,Oromia,ETH.8.5_1,Guji,ETH.8.5.2_1,Afele Kola
ETH,Ethiopia,ETH.8_1,Oromia,ETH.8.5_1,Guji,ETH.8.5.3_1,Ana Sora
ETH,Ethiopia,ETH.8_1,Oromia,ETH.8.5_1,Guji,ETH.8.5.8_1,Kercha
ETH,Ethiopia,ETH.8_1,Oromia,ETH.8.5_1,Guji,ETH.8.5.9_1,Liben
ETH,Ethiopia,ETH.8_1,Oromia,ETH.8.5_1,Guji,ETH.8.5.6_1,Goro Dola
ETH,Ethiopia,ETH.8_1,Oromia,ETH.8.5_1,Guji,ETH.8.5.7_1,Hambela Wamena
ETH,Ethiopia,ETH.8_1,Oromia,ETH.8.5_1,Guji,ETH.8.5.12_1,Uraga
ETH,Ethiopia,ETH.8_1,Oromia,ETH.8.5_1,Guji,ETH.8.5.13_1,Wadera
ETH,Ethiopia,ETH.8_1,Oromia,ETH.8.5_1,Guji,ETH.8.5.10_1,Odo Shakiso
ETH,Ethiopia,ETH.8_1,Oromia,ETH.8.5_1,Guji,ETH.8.5.11_1,Saba Boru
ETH,Ethiopia,ETH.8_1,Oromia,ETH.8.3_1,Borena,ETH.8.3.10_1,Miyo
ETH,Ethiopia,ETH.8_1,Oromia,ETH.8.3_1,Borena,ETH.8.3.11_1,Moyale
ETH,Ethiopia,ETH.8_1,Oromia,ETH.8.3_1,Borena,ETH.8.3.8_1,Gelana
ETH,Ethiopia,ETH.8_1,Oromia,ETH.8.3_1,Borena,ETH.8.3.9_1,Melka Soda
ETH,Ethiopia,ETH.8_1,Oromia,ETH.8.4_1,Debub Mirab Shewa,ETH.8.4.1_1,Alem Gena
ETH,Ethiopia,ETH.8_1,Oromia,ETH.8.4_1,Debub Mirab Shewa,ETH.8.4.2_1,Ameya
ETH,Ethiopia,ETH.8_1,Oromia,ETH.8.3_1,Borena,ETH.8.3.12_1,Teltele
ETH,Ethiopia,ETH.8_1,Oromia,ETH.8.3_1,Borena,ETH.8.3.13_1,Yabelo
ETH,Ethiopia,ETH.8_1,Oromia,ETH.8.4_1,Debub Mirab Shewa,ETH.8.4.5_1,Goro
ETH,Ethiopia,ETH.8_1,Oromia,ETH.8.4_1,Debub Mirab Shewa,ETH.8.4.6_1,Ilu
ETH,Ethiopia,ETH.8_1,Oromia,ETH.8.4_1,Debub Mirab Shewa,ETH.8.4.3_1,Becho
ETH,Ethiopia,ETH.8_1,Oromia,ETH.8.4_1,Debub Mirab Shewa,ETH.8.4.4_1,Dawo
ETH,Ethiopia,ETH.8_1,Oromia,ETH.8.4_1,Debub Mirab Shewa,ETH.8.4.9_1,Seden Sodo
ETH,Ethiopia,ETH.8_1,Oromia,ETH.8.4_1,Debub Mirab Shewa,ETH.8.4.10_1,Sodo Daci
ETH,Ethiopia,ETH.8_1,Oromia,ETH.8.4_1,Debub Mirab Shewa,ETH.8.4.7_1,Kersana Malima
ETH,Ethiopia,ETH.8_1,Oromia,ETH.8.4_1,Debub Mirab Shewa,ETH.8.4.8_1,Kondaltiti
ETH,Ethiopia,ETH.8_1,Oromia,ETH.8.7_1,Ilubabor,ETH.8.7.10_1,Dabo Hana
ETH,Ethiopia,ETH.8_1,Oromia,ETH.8.7_1,Ilubabor,ETH.8.7.11_1,Darimu
ETH,Ethiopia,ETH.8_1,Oromia,ETH.8.7_1,Ilubabor,ETH.8.7.8_1,Chora
ETH,Ethiopia,ETH.8_1,Oromia,ETH.8.7_1,Ilubabor,ETH.8.7.9_1,Chwaka
ETH,Ethiopia,ETH.8_1,Oromia,ETH.8.7_1,Ilubabor,ETH.8.7.14_1,Didu
ETH,Ethiopia,ETH.8_1,Oromia,ETH.8.7_1,Ilubabor,ETH.8.7.15_1,Dorani
ETH,Ethiopia,ETH.8_1,Oromia,ETH.8.7_1,Ilubabor,ETH.8.7.12_1,Dedesa
ETH,Ethiopia,ETH.8_1,Oromia,ETH.8.7_1,Ilubabor,ETH.8.7.13_1,Dega
ETH,Ethiopia,ETH.8_1,Oromia,ETH.8.7_1,Ilubabor,ETH.8.7.18_1,Hurumu
ETH,Ethiopia,ETH.8_1,Oromia,ETH.8.7_1,Ilubabor,ETH.8.7.19_1,Meko
ETH,Ethiopia,ETH.8_1,Oromia,ETH.8.7_1,Ilubabor,ETH.8.7.16_1,Gechi
ETH,Ethiopia,ETH.8_1,Oromia,ETH.8.7_1,Ilubabor,ETH.8.7.17_1,Halu
ETH,Ethiopia,ETH.8_1,Oromia,ETH.8.7_1,Ilubabor,ETH.8.7.22_1,Yayu
ETH,Ethiopia,ETH.8_1,Oromia,ETH.8.8_1,Jimma,ETH.8.8.1_1,Chora
ETH,Ethiopia,ETH.8_1,Oromia,ETH.8.7_1,Ilubabor,ETH.8.7.20_1,Metu Zuria
ETH,Ethiopia,ETH.8_1,Oromia,ETH.8.7_1,Ilubabor,ETH.8.7.21_1,Sale Nono
ETH,Ethiopia,ETH.8_1,Oromia,ETH.8.6_1,Horo Guduru,ETH.8.6.3_1,Abe Dongoro
ETH,Ethiopia,ETH.8_1,Oromia,ETH.8.6_1,Horo Guduru,ETH.8.6.4_1,Amuru
ETH,Ethiopia,ETH.8_1,Oromia,ETH.8.6_1,Horo Guduru,ETH.8.6.1_1,Ababo
ETH,Ethiopia,ETH.8_1,Oromia,ETH.8.6_1,Horo Guduru,ETH.8.6.2_1,Abay Chomen
ETH,Ethiopia,ETH.8_1,Oromia,ETH.8.6_1,Horo Guduru,ETH.8.6.7_1,Jarte Jardega
ETH,Ethiopia,ETH.8_1,Oromia,ETH.8.6_1,Horo Guduru,ETH.8.6.8_1,Jimma Genete
ETH,Ethiopia,ETH.8_1,Oromia,ETH.8.6_1,Horo Guduru,ETH.8.6.5_1,Guduru
ETH,Ethiopia,ETH.8_1,Oromia,ETH.8.6_1,Horo Guduru,ETH.8.6.6_1,Horo
ETH,Ethiopia,ETH.8_1,Oromia,ETH.8.7_1,Ilubabor,ETH.8.7.2_1,Alge Sachi
ETH,Ethiopia,ETH.8_1,Oromia,ETH.8.7_1,Ilubabor,ETH.8.7.3_1,Badele Zuria
ETH,Ethiopia,ETH.8_1,Oromia,ETH.8.6_1,Horo Guduru,ETH.8.6.9_1,Jimma Rare
ETH,Ethiopia,ETH.8_1,Oromia,ETH.8.7_1,Ilubabor,ETH.8.7.1_1,Ale
ETH,Ethiopia,ETH.8_1,Oromia,ETH.8.7_1,Ilubabor,ETH.8.7.6_1,Borecha
ETH,Ethiopia,ETH.8_1,Oromia,ETH.8.7_1,Ilubabor,ETH.8.7.7_1,Bure
ETH,Ethiopia,ETH.8_1,Oromia,ETH.8.7_1,Ilubabor,ETH.8.7.4_1,Becho
ETH,Ethiopia,ETH.8_1,Oromia,ETH.8.7_1,Ilubabor,ETH.8.7.5_1,Bilo Nopha
ETH,Ethiopia,ETH.8_1,Oromia,ETH.8.9_1,Kelem Wellega,ETH.8.9.4_1,Gawo Kebe
ETH,Ethiopia,ETH.8_1,Oromia,ETH.8.9_1,Kelem Wellega,ETH.8.9.5_1,Gidami
ETH,Ethiopia,ETH.8_1,Oromia,ETH.8.9_1,Kelem Wellega,ETH.8.9.2_1,Dale Sadi
ETH,Ethiopia,ETH.8_1,Oromia,ETH.8.9_1,Kelem Wellega,ETH.8.9.3_1,Dale Wabera
ETH,Ethiopia,ETH.8_1,Oromia,ETH.8.9_1,Kelem Wellega,ETH.8.9.8_1,Lalo Kile
ETH,Ethiopia,ETH.8_1,Oromia,ETH.8.9_1,Kelem Wellega,ETH.8.9.9_1,Sayo
ETH,Ethiopia,ETH.8_1,Oromia,ETH.8.9_1,Kelem Wellega,ETH.8.9.6_1,Hawa Galan
ETH,Ethiopia,ETH.8_1,Oromia,ETH.8.9_1,Kelem Wellega,ETH.8.9.7_1,Jimma Horo
ETH,Ethiopia,ETH.8_1,Oromia,ETH.8.10_1,Mirab Arsi,ETH.8.10.2_1,Arsi Negele
ETH,Ethiopia,ETH.8_1,Oromia,ETH.8.10_1,Mirab Arsi,ETH.8.10.3_1,Dodola
ETH,Ethiopia,ETH.8_1,Oromia,ETH.8.9_1,Kelem Wellega,ETH.8.9.10_1,Yama Logi Welel
ETH,Ethiopia,ETH.8_1,Oromia,ETH.8.10_1,Mirab Arsi,ETH.8.10.1_1,Adaba
ETH,Ethiopia,ETH.8_1,Oromia,ETH.8.10_1,Mirab Arsi,ETH.8.10.6_1,Kokosa
ETH,Ethiopia,ETH.8_1,Oromia,ETH.8.10_1,Mirab Arsi,ETH.8.10.7_1,Kore
ETH,Ethiopia,ETH.8_1,Oromia,ETH.8.10_1,Mirab Arsi,ETH.8.10.4_1,Gedeb Asasa
ETH,Ethiopia,ETH.8_1,Oromia,ETH.8.10_1,Mirab Arsi,ETH.8.10.5_1,Kofele
ETH,Ethiopia,ETH.8_1,Oromia,ETH.8.8_1,Jimma,ETH.8.8.4_1,Goma
ETH,Ethiopia,ETH.8_1,Oromia,ETH.8.8_1,Jimma,ETH.8.8.5_1,Gumay
ETH,Ethiopia,ETH.8_1,Oromia,ETH.8.8_1,Jimma,ETH.8.8.2_1,Dedo
ETH,Ethiopia,ETH.8_1,Oromia,ETH.8.8_1,Jimma,ETH.8.8.3_1,Gera
ETH,Ethiopia,ETH.8_1,Oromia,ETH.8.8_1,Jimma,ETH.8.8.8_1,Limu Seka
ETH,Ethiopia,ETH.8_1,Oromia,ETH.8.8_1,Jimma,ETH.8.8.9_1,Mena
ETH,Ethiopia,ETH.8_1,Oromia,ETH.8.8_1,Jimma,ETH.8.8.6_1,Kersa
ETH,Ethiopia,ETH.8_1,Oromia,ETH.8.8_1,Jimma,ETH.8.8.7_1,Limu Kosa
ETH,Ethiopia,ETH.8_1,Oromia,ETH.8.8_1,Jimma,ETH.8.8.12_1,Sekoru
ETH,Ethiopia,ETH.8_1,Oromia,ETH.8.8_1,Jimma,ETH.8.8.13_1,Setema
ETH,Ethiopia,ETH.8_1,Oromia,ETH.8.8_1,Jimma,ETH.8.8.10_1,Omo Nada
ETH,Ethiopia,ETH.8_1,Oromia,ETH.8.8_1,Jimma,ETH.8.8.11_1,Seka Chekorsa
ETH,Ethiopia,ETH.8_1,Oromia,ETH.8.8_1,Jimma,ETH.8.8.16_1,Tiro Afeta
ETH,Ethiopia,ETH.8_1,Oromia,ETH.8.9_1,Kelem Wellega,ETH.8.9.1_1,Anfilo
ETH,Ethiopia,ETH.8_1,Oromia,ETH.8.8_1,Jimma,ETH.8.8.14_1,Shebe Sambo
ETH,Ethiopia,ETH.8_1,Oromia,ETH.8.8_1,Jimma,ETH.8.8.15_1,Sigmo
ETH,Ethiopia,ETH.8_1,Oromia,ETH.8.12_1,Mirab Shewa,ETH.8.12.2_1,Adda Berga
ETH,Ethiopia,ETH.8_1,Oromia,ETH.8.12_1,Mirab Shewa,ETH.8.12.3_1,Ambo Zuria
ETH,Ethiopia,ETH.8_1,Oromia,ETH.8.11_1,Mirab Hararghe,ETH.8.11.13_1,Tulo
ETH,Ethiopia,ETH.8_1,Oromia,ETH.8.12_1,Mirab Shewa,ETH.8.12.1_1,Abuna G/Beret
ETH,Ethiopia,ETH.8_1,Oromia,ETH.8.12_1,Mirab Shewa,ETH.8.12.6_1,Dano
ETH,Ethiopia,ETH.8_1,Oromia,ETH.8.12_1,Mirab Shewa,ETH.8.12.7_1,Dendi
ETH,Ethiopia,ETH.8_1,Oromia,ETH.8.12_1,Mirab Shewa,ETH.8.12.4_1,Bako Tibe
ETH,Ethiopia,ETH.8_1,Oromia,ETH.8.12_1,Mirab Shewa,ETH.8.12.5_1,Cheliya
ETH,Ethiopia,ETH.8_1,Oromia,ETH.8.12_1,Mirab Shewa,ETH.8.12.10_1,Ifata
ETH,Ethiopia,ETH.8_1,Oromia,ETH.8.12_1,Mirab Shewa,ETH.8.12.11_1,Jeldu
ETH,Ethiopia,ETH.8_1,Oromia,ETH.8.12_1,Mirab Shewa,ETH.8.12.8_1,Ejere
ETH,Ethiopia,ETH.8_1,Oromia,ETH.8.12_1,Mirab Shewa,ETH.8.12.9_1,Ginde Beret
ETH,Ethiopia,ETH.8_1,Oromia,ETH.8.12_1,Mirab Shewa,ETH.8.12.14_1,Mida Kegn
ETH,Ethiopia,ETH.8_1,Oromia,ETH.8.12_1,Mirab Shewa,ETH.8.12.15_1,Nono
ETH,Ethiopia,ETH.8_1,Oromia,ETH.8.12_1,Mirab Shewa,ETH.8.12.12_1,Jibat
ETH,Ethiopia,ETH.8_1,Oromia,ETH.8.12_1,Mirab Shewa,ETH.8.12.13_1,Meta Robi
ETH,Ethiopia,ETH.8_1,Oromia,ETH.8.10_1,Mirab Arsi,ETH.8.10.10_1,Shashemene Zuria
ETH,Ethiopia,ETH.8_1,Oromia,ETH.8.10_1,Mirab Arsi,ETH.8.10.11_1,Siraro
ETH,Ethiopia,ETH.8_1,Oromia,ETH.8.10_1,Mirab Arsi,ETH.8.10.8_1,Nenesebo
ETH,Ethiopia,ETH.8_1,Oromia,ETH.8.10_1,Mirab Arsi,ETH.8.10.9_1,Shalla
ETH,Ethiopia,ETH.8_1,Oromia,ETH.8.11_1,Mirab Hararghe,ETH.8.11.3_1,Chiro Zuria
ETH,Ethiopia,ETH.8_1,Oromia,ETH.8.11_1,Mirab Hararghe,ETH.8.11.4_1,Daro Lebu
ETH,Ethiopia,ETH.8_1,Oromia,ETH.8.11_1,Mirab Hararghe,ETH.8.11.1_1,Anchar
ETH,Ethiopia,ETH.8_1,Oromia,ETH.8.11_1,Mirab Hararghe,ETH.8.11.2_1,Boke
ETH,Ethiopia,ETH.8_1,Oromia,ETH.8.11_1,Mirab Hararghe,ETH.8.11.7_1,Goba Koricha
ETH,Ethiopia,ETH.8_1,Oromia,ETH.8.11_1,Mirab Hararghe,ETH.8.11.8_1,Habro
ETH,Ethiopia,ETH.8_1,Oromia,ETH.8.11_1,Mirab Hararghe,ETH.8.11.5_1,Doba
ETH,Ethiopia,ETH.8_1,Oromia,ETH.8.11_1,Mirab Hararghe,ETH.8.11.6_1,Gemechis
ETH,Ethiopia,ETH.8_1,Oromia,ETH.8.11_1,Mirab Hararghe,ETH.8.11.11_1,Mesela
ETH,Ethiopia,ETH.8_1,Oromia,ETH.8.11_1,Mirab Hararghe,ETH.8.11.12_1,Mieso
ETH,Ethiopia,ETH.8_1,Oromia,ETH.8.11_1,Mirab Hararghe,ETH.8.11.9_1,Hawi Gudina
ETH,Ethiopia,ETH.8_1,Oromia,ETH.8.11_1,Mirab Hararghe,ETH.8.11.10_1,Kuni
ETH,Ethiopia,ETH.8_1,Oromia,ETH.8.13_1,Mirab Welega,ETH.8.13.16_1,Nejo
ETH,Ethiopia,ETH.8_1,Oromia,ETH.8.13_1,Mirab Welega,ETH.8.13.17_1,Nole Kaba
ETH,Ethiopia,ETH.8_1,Oromia,ETH.8.13_1,Mirab Welega,ETH.8.13.14_1,Lalo Asabi
ETH,Ethiopia,ETH.8_1,Oromia,ETH.8.13_1,Mirab Welega,ETH.8.13.15_1,Mana Sibu
ETH,Ethiopia,ETH.8_1,Oromia,ETH.8.14_1,Misraq Harerge,ETH.8.14.1_1,Babile
ETH,Ethiopia,ETH.8_1,Oromia,ETH.8.14_1,Misraq Harerge,ETH.8.14.2_1,Bedeno
ETH,Ethiopia,ETH.8_1,Oromia,ETH.8.13_1,Mirab Welega,ETH.8.13.18_1,Sayo Nole
ETH,Ethiopia,ETH.8_1,Oromia,ETH.8.13_1,Mirab Welega,ETH.8.13.19_1,Yubdo
ETH,Ethiopia,ETH.8_1,Oromia,ETH.8.14_1,Misraq Harerge,ETH.8.14.5_1,Fedis
ETH,Ethiopia,ETH.8_1,Oromia,ETH.8.14_1,Misraq Harerge,ETH.8.14.6_1,Girawa
ETH,Ethiopia,ETH.8_1,Oromia,ETH.8.14_1,Misraq Harerge,ETH.8.14.3_1,Chinaksen
ETH,Ethiopia,ETH.8_1,Oromia,ETH.8.14_1,Misraq Harerge,ETH.8.14.4_1,Deder
ETH,Ethiopia,ETH.8_1,Oromia,ETH.8.14_1,Misraq Harerge,ETH.8.14.9_1,Gursum
ETH,Ethiopia,ETH.8_1,Oromia,ETH.8.14_1,Misraq Harerge,ETH.8.14.10_1,Haro Maya
ETH,Ethiopia,ETH.8_1,Oromia,ETH.8.14_1,Misraq Harerge,ETH.8.14.7_1,Golo Oda
ETH,Ethiopia,ETH.8_1,Oromia,ETH.8.14_1,Misraq Harerge,ETH.8.14.8_1,Goro Gutu
ETH,Ethiopia,ETH.8_1,Oromia,ETH.8.12_1,Mirab Shewa,ETH.8.12.18_1,Walmara
ETH,Ethiopia,ETH.8_1,Oromia,ETH.8.13_1,Mirab Welega,ETH.8.13.1_1,Ayira
ETH,Ethiopia,ETH.8_1,Oromia,ETH.8.12_1,Mirab Shewa,ETH.8.12.16_1,Tikur Enchini
ETH,Ethiopia,ETH.8_1,Oromia,ETH.8.12_1,Mirab Shewa,ETH.8.12.17_1,Toke Kutaye
ETH,Ethiopia,ETH.8_1,Oromia,ETH.8.13_1,Mirab Welega,ETH.8.13.4_1,Boji Chekorsa
ETH,Ethiopia,ETH.8_1,Oromia,ETH.8.13_1,Mirab Welega,ETH.8.13.5_1,Boji Dirmeji
ETH,Ethiopia,ETH.8_1,Oromia,ETH.8.13_1,Mirab Welega,ETH.8.13.2_1,Babo
ETH,Ethiopia,ETH.8_1,Oromia,ETH.8.13_1,Mirab Welega,ETH.8.13.3_1,Begi
ETH,Ethiopia,ETH.8_1,Oromia,ETH.8.13_1,Mirab Welega,ETH.8.13.8_1,Gudetu Kondole
ETH,Ethiopia,ETH.8_1,Oromia,ETH.8.13_1,Mirab Welega,ETH.8.13.9_1,Guliso
ETH,Ethiopia,ETH.8_1,Oromia,ETH.8.13_1,Mirab Welega,ETH.8.13.6_1,Gaji
ETH,Ethiopia,ETH.8_1,Oromia,ETH.8.13_1,Mirab Welega,ETH.8.13.7_1,Gimbi
ETH,Ethiopia,ETH.8_1,Oromia,ETH.8.13_1,Mirab Welega,ETH.8.13.12_1,Jarso
ETH,Ethiopia,ETH.8_1,Oromia,ETH.8.13_1,Mirab Welega,ETH.8.13.13_1,Kiltu Kara
ETH,Ethiopia,ETH.8_1,Oromia,ETH.8.13_1,Mirab Welega,ETH.8.13.10_1,Haru
ETH,Ethiopia,ETH.8_1,Oromia,ETH.8.13_1,Mirab Welega,ETH.8.13.11_1,Homa
ETH,Ethiopia,ETH.8_1,Oromia,ETH.8.15_1,Misraq Shewa,ETH.8.15.11_1,Lome
ETH,Ethiopia,ETH.8_1,Oromia,ETH.8.16_1,Misraq Wellega,ETH.8.16.1_1,Bila Seyo
ETH,Ethiopia,ETH.8_1,Oromia,ETH.8.15_1,Misraq Shewa,ETH.8.15.9_1,Gimbichu
ETH,Ethiopia,ETH.8_1,Oromia,ETH.8.15_1,Misraq Shewa,ETH.8.15.10_1,Liben Chukala
ETH,Ethiopia,ETH.8_1,Oromia,ETH.8.16_1,Misraq Wellega,ETH.8.16.4_1,Gida Ayana
ETH,Ethiopia,ETH.8_1,Oromia,ETH.8.16_1,Misraq Wellega,ETH.8.16.5_1,Gobu Seyo
ETH,Ethiopia,ETH.8_1,Oromia,ETH.8.16_1,Misraq Wellega,ETH.8.16.2_1,Boneya Boshe
ETH,Ethiopia,ETH.8_1,Oromia,ETH.8.16_1,Misraq Wellega,ETH.8.16.3_1,Diga
ETH,Ethiopia,ETH.8_1,Oromia,ETH.8.16_1,Misraq Wellega,ETH.8.16.8_1,Ibantu
ETH,Ethiopia,ETH.8_1,Oromia,ETH.8.16_1,Misraq Wellega,ETH.8.16.9_1,Jimma Arjo
ETH,Ethiopia,ETH.8_1,Oromia,ETH.8.16_1,Misraq Wellega,ETH.8.16.6_1,Guto Gida
ETH,Ethiopia,ETH.8_1,Oromia,ETH.8.16_1,Misraq Wellega,ETH.8.16.7_1,Haro Limu
ETH,Ethiopia,ETH.8_1,Oromia,ETH.8.16_1,Misraq Wellega,ETH.8.16.12_1,Limu
ETH,Ethiopia,ETH.8_1,Oromia,ETH.8.16_1,Misraq Wellega,ETH.8.16.13_1,Nunu Kumba
ETH,Ethiopia,ETH.8_1,Oromia,ETH.8.16_1,Misraq Wellega,ETH.8.16.10_1,Kiremu
ETH,Ethiopia,ETH.8_1,Oromia,ETH.8.16_1,Misraq Wellega,ETH.8.16.11_1,Leka Dulecha
ETH,Ethiopia,ETH.8_1,Oromia,ETH.8.14_1,Misraq Harerge,ETH.8.14.13_1,Kombolcha
ETH,Ethiopia,ETH.8_1,Oromia,ETH.8.14_1,Misraq Harerge,ETH.8.14.14_1,Kurfa Chele
ETH,Ethiopia,ETH.8_1,Oromia,ETH.8.14_1,Misraq Harerge,ETH.8.14.11_1,Jarso
ETH,Ethiopia,ETH.8_1,Oromia,ETH.8.14_1,Misraq Harerge,ETH.8.14.12_1,Kersa
ETH,Ethiopia,ETH.8_1,Oromia,ETH.8.14_1,Misraq Harerge,ETH.8.14.17_1,Meyu
ETH,Ethiopia,ETH.8_1,Oromia,ETH.8.14_1,Misraq Harerge,ETH.8.14.18_1,Midega Tola
ETH,Ethiopia,ETH.8_1,Oromia,ETH.8.14_1,Misraq Harerge,ETH.8.14.15_1,Malka Balo
ETH,Ethiopia,ETH.8_1,Oromia,ETH.8.14_1,Misraq Harerge,ETH.8.14.16_1,Meta
ETH,Ethiopia,ETH.8_1,Oromia,ETH.8.15_1,Misraq Shewa,ETH.8.15.3_1,Adami Tulu Jido Kombolcha
ETH,Ethiopia,ETH.8_1,Oromia,ETH.8.15_1,Misraq Shewa,ETH.8.15.4_1,Akaki
ETH,Ethiopia,ETH.8_1,Oromia,ETH.8.15_1,Misraq Shewa,ETH.8.15.1_1,Ada'a
ETH,Ethiopia,ETH.8_1,Oromia,ETH.8.15_1,Misraq Shewa,ETH.8.15.2_1,Adama
ETH,Ethiopia,ETH.8_1,Oromia,ETH.8.15_1,Misraq Shewa,ETH.8.15.7_1,Dugda
ETH,Ethiopia,ETH.8_1,Oromia,ETH.8.15_1,Misraq Shewa,ETH.8.15.8_1,Fentale
ETH,Ethiopia,ETH.8_1,Oromia,ETH.8.15_1,Misraq Shewa,ETH.8.15.5_1,Bora
ETH,Ethiopia,ETH.8_1,Oromia,ETH.8.15_1,Misraq Shewa,ETH.8.15.6_1,Boset
ETH,Ethiopia,ETH.8_1,Oromia,ETH.8.17_1,North Shewa,ETH.8.17.15_1,Wuchale
ETH,Ethiopia,ETH.8_1,Oromia,ETH.8.17_1,North Shewa,ETH.8.17.16_1,Yaya Gulele
ETH,Ethiopia,ETH.8_1,Oromia,ETH.8.17_1,North Shewa,ETH.8.17.13_1,Sululta
ETH,Ethiopia,ETH.8_1,Oromia,ETH.8.17_1,North Shewa,ETH.8.17.14_1,Wara Jarso
ETH,Ethiopia,ETH.9_1,Somali,ETH.9.1_1,Afder,ETH.9.1.3_1,Chereti/Weyib
ETH,Ethiopia,ETH.9_1,Somali,ETH.9.1_1,Afder,ETH.9.1.4_1,Dolobay
ETH,Ethiopia,ETH.9_1,Somali,ETH.9.1_1,Afder,ETH.9.1.1_1,Afder
ETH,Ethiopia,ETH.9_1,Somali,ETH.9.1_1,Afder,ETH.9.1.2_1,Bare
ETH,Ethiopia,ETH.9_1,Somali,ETH.9.1_1,Afder,ETH.9.1.7_1,Hargele
ETH,Ethiopia,ETH.9_1,Somali,ETH.9.1_1,Afder,ETH.9.1.8_1,Serer/Elkere
ETH,Ethiopia,ETH.9_1,Somali,ETH.9.1_1,Afder,ETH.9.1.5_1,Goro Baqaqsa
ETH,Ethiopia,ETH.9_1,Somali,ETH.9.1_1,Afder,ETH.9.1.6_1,Guradamole
ETH,Ethiopia,ETH.9_1,Somali,ETH.9.2_1,Doolo,ETH.9.2.2_1,Danot
ETH,Ethiopia,ETH.9_1,Somali,ETH.9.2_1,Doolo,ETH.9.2.3_1,Geladin
ETH,Ethiopia,ETH.9_1,Somali,ETH.9.1_1,Afder,ETH.9.1.9_1,West Imi
ETH,Ethiopia,ETH.9_1,Somali,ETH.9.2_1,Doolo,ETH.9.2.1_1,Boh
ETH,Ethiopia,ETH.8_1,Oromia,ETH.8.16_1,Misraq Wellega,ETH.8.16.16_1,Wama Hagalo
ETH,Ethiopia,ETH.8_1,Oromia,ETH.8.16_1,Misraq Wellega,ETH.8.16.17_1,Wayu Tuka
ETH,Ethiopia,ETH.8_1,Oromia,ETH.8.16_1,Misraq Wellega,ETH.8.16.14_1,Sasiga
ETH,Ethiopia,ETH.8_1,Oromia,ETH.8.16_1,Misraq Wellega,ETH.8.16.15_1,Sibu Sire
ETH,Ethiopia,ETH.8_1,Oromia,ETH.8.17_1,North Shewa,ETH.8.17.3_1,Bereh
ETH,Ethiopia,ETH.8_1,Oromia,ETH.8.17_1,North Shewa,ETH.8.17.4_1,Debre Libanos
ETH,Ethiopia,ETH.8_1,Oromia,ETH.8.17_1,North Shewa,ETH.8.17.1_1,Abichuna Gne'a
ETH,Ethiopia,ETH.8_1,Oromia,ETH.8.17_1,North Shewa,ETH.8.17.2_1,Aleltu
ETH,Ethiopia,ETH.8_1,Oromia,ETH.8.17_1,North Shewa,ETH.8.17.7_1,Gerar Jarso
ETH,Ethiopia,ETH.8_1,Oromia,ETH.8.17_1,North Shewa,ETH.8.17.8_1,Hidabu Abote
ETH,Ethiopia,ETH.8_1,Oromia,ETH.8.17_1,North Shewa,ETH.8.17.5_1,Degem
ETH,Ethiopia,ETH.8_1,Oromia,ETH.8.17_1,North Shewa,ETH.8.17.6_1,Dera
ETH,Ethiopia,ETH.8_1,Oromia,ETH.8.17_1,North Shewa,ETH.8.17.11_1,Kuyu
ETH,Ethiopia,ETH.8_1,Oromia,ETH.8.17_1,North Shewa,ETH.8.17.12_1,Mulo
ETH,Ethiopia,ETH.8_1,Oromia,ETH.8.17_1,North Shewa,ETH.8.17.9_1,Jida
ETH,Ethiopia,ETH.8_1,Oromia,ETH.8.17_1,North Shewa,ETH.8.17.10_1,Kembibit
ETH,Ethiopia,ETH.9_1,Somali,ETH.9.6_1,Liben,ETH.9.6.3_1,Hudet
ETH,Ethiopia,ETH.9_1,Somali,ETH.9.6_1,Liben,ETH.9.6.4_1,Moyale
ETH,Ethiopia,ETH.9_1,Somali,ETH.9.6_1,Liben,ETH.9.6.1_1,Dolo Odo
ETH,Ethiopia,ETH.9_1,Somali,ETH.9.6_1,Liben,ETH.9.6.2_1,Filtu
ETH,Ethiopia,ETH.9_1,Somali,ETH.9.7_1,Nogob,ETH.9.7.3_1,Gerbo
ETH,Ethiopia,ETH.9_1,Somali,ETH.9.7_1,Nogob,ETH.9.7.4_1,Hamero
ETH,Ethiopia,ETH.9_1,Somali,ETH.9.7_1,Nogob,ETH.9.7.1_1,Dihun
ETH,Ethiopia,ETH.9_1,Somali,ETH.9.7_1,Nogob,ETH.9.7.2_1,Fik
ETH,Ethiopia,ETH.9_1,Somali,ETH.9.7_1,Nogob,ETH.9.7.7_1,Segeg
ETH,Ethiopia,ETH.9_1,Somali,ETH.9.7_1,Nogob,ETH.9.7.8_1,Selahad
ETH,Ethiopia,ETH.9_1,Somali,ETH.9.7_1,Nogob,ETH.9.7.5_1,Lagahida
ETH,Ethiopia,ETH.9_1,Somali,ETH.9.7_1,Nogob,ETH.9.7.6_1,Meyumuluka
ETH,Ethiopia,ETH.9_1,Somali,ETH.9.8_1,Shabelle,ETH.9.8.3_1,East Imi
ETH,Ethiopia,ETH.9_1,Somali,ETH.9.8_1,Shabelle,ETH.9.8.4_1,Ferfer
ETH,Ethiopia,ETH.9_1,Somali,ETH.9.8_1,Shabelle,ETH.9.8.1_1,Adadle
ETH,Ethiopia,ETH.9_1,Somali,ETH.9.8_1,Shabelle,ETH.9.8.2_1,Denan
ETH,Ethiopia,ETH.9_1,Somali,ETH.9.3_1,Fafan,ETH.9.3.2_1,Babile
ETH,Ethiopia,ETH.9_1,Somali,ETH.9.3_1,Fafan,ETH.9.3.3_1,Gursum
ETH,Ethiopia,ETH.9_1,Somali,ETH.9.2_1,Doolo,ETH.9.2.4_1,Warder
ETH,Ethiopia,ETH.9_1,Somali,ETH.9.3_1,Fafan,ETH.9.3.1_1,Aw-bare
ETH,Ethiopia,ETH.9_1,Somali,ETH.9.3_1,Fafan,ETH.9.3.6_1,Kebribeyah
ETH,Ethiopia,ETH.9_1,Somali,ETH.9.4_1,Jarar,ETH.9.4.1_1,Aware
ETH,Ethiopia,ETH.9_1,Somali,ETH.9.3_1,Fafan,ETH.9.3.4_1,Hareshen
ETH,Ethiopia,ETH.9_1,Somali,ETH.9.3_1,Fafan,ETH.9.3.5_1,Jijiga
ETH,Ethiopia,ETH.9_1,Somali,ETH.9.4_1,Jarar,ETH.9.4.4_1,Gashamo
ETH,Ethiopia,ETH.9_1,Somali,ETH.9.4_1,Jarar,ETH.9.4.5_1,Gunagado
ETH,Ethiopia,ETH.9_1,Somali,ETH.9.4_1,Jarar,ETH.9.4.2_1,Degehabur
ETH,Ethiopia,ETH.9_1,Somali,ETH.9.4_1,Jarar,ETH.9.4.3_1,Degehamedo
ETH,Ethiopia,ETH.9_1,Somali,ETH.9.5_1,Korahe,ETH.9.5.3_1,Shekosh
ETH,Ethiopia,ETH.9_1,Somali,ETH.9.5_1,Korahe,ETH.9.5.4_1,Shilabo
ETH,Ethiopia,ETH.9_1,Somali,ETH.9.5_1,Korahe,ETH.9.5.1_1,Debeweyin
ETH,Ethiopia,ETH.9_1,Somali,ETH.9.5_1,Korahe,ETH.9.5.2_1,Kebridehar
ETH,Ethiopia,ETH.2_1,Afar,ETH.2.1_1,Afar Zone 1,ETH.2.1.8_1,Mile
ETH,Ethiopia,ETH.2_1,Afar,ETH.2.2_1,Afar Zone 2,ETH.2.2.1_1,Ab Ala
ETH,Ethiopia,ETH.2_1,Afar,ETH.2.1_1,Afar Zone 1,ETH.2.1.6_1,Elidar
ETH,Ethiopia,ETH.2_1,Afar,ETH.2.1_1,Afar Zone 1,ETH.2.1.7_1,Kurri
ETH,Ethiopia,ETH.2_1,Afar,ETH.2.2_1,Afar Zone 2,ETH.2.2.4_1,Bidu
ETH,Ethiopia,ETH.2_1,Afar,ETH.2.2_1,Afar Zone 2,ETH.2.2.5_1,Dalul
ETH,Ethiopia,ETH.2_1,Afar,ETH.2.2_1,Afar Zone 2,ETH.2.2.2_1,Afdera
ETH,Ethiopia,ETH.2_1,Afar,ETH.2.2_1,Afar Zone 2,ETH.2.2.3_1,Berahile
ETH,Ethiopia,ETH.2_1,Afar,ETH.2.2_1,Afar Zone 2,ETH.2.2.8_1,Megale
ETH,Ethiopia,ETH.2_1,Afar,ETH.2.3_1,Afar Zone 3,ETH.2.3.1_1,Amibara
ETH,Ethiopia,ETH.2_1,Afar,ETH.2.2_1,Afar Zone 2,ETH.2.2.6_1,Erebti
ETH,Ethiopia,ETH.2_1,Afar,ETH.2.2_1,Afar Zone 2,ETH.2.2.7_1,Koneba
ETH,Ethiopia,ETH.2_1,Afar,ETH.2.3_1,Afar Zone 3,ETH.2.3.4_1,Bure Mudaytu
ETH,Ethiopia,ETH.2_1,Afar,ETH.2.3_1,Afar Zone 3,ETH.2.3.5_1,Dulecha
ETH,Ethiopia,ETH.2_1,Afar,ETH.2.3_1,Afar Zone 3,ETH.2.3.2_1,Argoba Special Woreda
ETH,Ethiopia,ETH.2_1,Afar,ETH.2.3_1,Afar Zone 3,ETH.2.3.3_1,Awash Fentale
ETH,Ethiopia,ETH.1_1,Addis Abeba,ETH.1.1_1,Addis Abeba,ETH.1.1.2_1,Akaki - Kalit
ETH,Ethiopia,ETH.1_1,Addis Abeba,ETH.1.1_1,Addis Abeba,ETH.1.1.3_1,Arada
ETH,Ethiopia,ETH.1_1,Addis Abeba,ETH.1.1_1,Addis Abeba,ETH.1.1.1_1,Addis Ketema
ETH,Ethiopia,ETH.1_1,Addis Abeba,ETH.1.1_1,Addis Abeba,ETH.1.1.6_1,Kirkos
ETH,Ethiopia,ETH.1_1,Addis Abeba,ETH.1.1_1,Addis Abeba,ETH.1.1.7_1,Kolfe - Keran
ETH,Ethiopia,ETH.1_1,Addis Abeba,ETH.1.1_1,Addis Abeba,ETH.1.1.4_1,Bole
ETH,Ethiopia,ETH.1_1,Addis Abeba,ETH.1.1_1,Addis Abeba,ETH.1.1.5_1,Gulele
ETH,Ethiopia,ETH.1_1,Addis Abeba,ETH.1.1_1,Addis Abeba,ETH.1.1.10_1,Yeka
ETH,Ethiopia,ETH.2_1,Afar,ETH.2.1_1,Afar Zone 1,ETH.2.1.1_1,Adaa'r
ETH,Ethiopia,ETH.1_1,Addis Abeba,ETH.1.1_1,Addis Abeba,ETH.1.1.8_1,Lideta
ETH,Ethiopia,ETH.1_1,Addis Abeba,ETH.1.1_1,Addis Abeba,ETH.1.1.9_1,Nefas Silk
ETH,Ethiopia,ETH.2_1,Afar,ETH.2.1_1,Afar Zone 1,ETH.2.1.4_1,Chifra
ETH,Ethiopia,ETH.2_1,Afar,ETH.2.1_1,Afar Zone 1,ETH.2.1.5_1,Dubti
ETH,Ethiopia,ETH.2_1,Afar,ETH.2.1_1,Afar Zone 1,ETH.2.1.2_1,Afambo
ETH,Ethiopia,ETH.2_1,Afar,ETH.2.1_1,Afar Zone 1,ETH.2.1.3_1,Aysaita
ETH,Ethiopia,ETH.3_1,Amhara,ETH.3.2_1,Argoba,ETH.3.2.1_1,Argoba
ETH,Ethiopia,ETH.3_1,Amhara,ETH.3.3_1,Bahir Dar Special Zone,ETH.3.3.1_1,Bahir Dar
ETH,Ethiopia,ETH.3_1,Amhara,ETH.3.1_1,Agew Awi,ETH.3.1.6_1,Guangua
ETH,Ethiopia,ETH.3_1,Amhara,ETH.3.1_1,Agew Awi,ETH.3.1.7_1,Jawi
ETH,Ethiopia,ETH.3_1,Amhara,ETH.3.4_1,Debub Gondar,ETH.3.4.3_1,Ebenat
ETH,Ethiopia,ETH.3_1,Amhara,ETH.3.4_1,Debub Gondar,ETH.3.4.4_1,Farta
ETH,Ethiopia,ETH.3_1,Amhara,ETH.3.4_1,Debub Gondar,ETH.3.4.1_1,Dera
ETH,Ethiopia,ETH.3_1,Amhara,ETH.3.4_1,Debub Gondar,ETH.3.4.2_1,East Esite
ETH,Ethiopia,ETH.3_1,Amhara,ETH.3.4_1,Debub Gondar,ETH.3.4.7_1,Libo Kemkem
ETH,Ethiopia,ETH.3_1,Amhara,ETH.3.4_1,Debub Gondar,ETH.3.4.8_1,Simada
ETH,Ethiopia,ETH.3_1,Amhara,ETH.3.4_1,Debub Gondar,ETH.3.4.5_1,Fogera
ETH,Ethiopia,ETH.3_1,Amhara,ETH.3.4_1,Debub Gondar,ETH.3.4.6_1,Lay Gayint
ETH,Ethiopia,ETH.3_1,Amhara,ETH.3.5_1,Debub Wollo,ETH.3.5.1_1,Albuko
ETH,Ethiopia,ETH.3_1,Amhara,ETH.3.5_1,Debub Wollo,ETH.3.5.2_1,Ambasel
RWA,Rwanda,RWA.1_1,Amajyaruguru,RWA.1.1_1,Burera,RWA.1.1.1_1,Bungwe
RWA,Rwanda,RWA.1_1,Amajyaruguru,RWA.1.1_1,Burera,RWA.1.1.2_1,Butaro
RWA,Rwanda,RWA.1_1,Amajyaruguru,RWA.1.1_1,Burera,RWA.1.1.3_1,Cyanika
RWA,Rwanda,RWA.1_1,Amajyaruguru,RWA.1.1_1,Burera,RWA.1.1.4_1,Cyeru
RWA,Rwanda,RWA.1_1,Amajyaruguru,RWA.1.1_1,Burera,RWA.1.1.5_1,Gahunga
RWA,Rwanda,RWA.1_1,Amajyaruguru,RWA.1.1_1,Burera,RWA.1.1.6_1,Gatebe
RWA,Rwanda,RWA.1_1,Amajyaruguru,RWA.1.1_1,Burera,RWA.1.1.7_1,Gitovu
RWA,Rwanda,RWA.1_1,Amajyaruguru,RWA.1.1_1,Burera,RWA.1.1.8_1,Kagogo
RWA,Rwanda,RWA.1_1,Amajyaruguru,RWA.1.1_1,Burera,RWA.1.1.9_1,Kinoni
RWA,Rwanda,RWA.1_1,Amajyaruguru,RWA.1.1_1,Burera,RWA.1.1.10_1,Kinyababa
RWA,Rwanda,RWA.1_1,Amajyaruguru,RWA.1.1_1,Burera,RWA.1.1.11_1,Kivuye
RWA,Rwanda,RWA.1_1,Amajyaruguru,RWA.1.1_1,Burera,RWA.1.1.12_1,Nemba
RWA,Rwanda,RWA.1_1,Amajyaruguru,RWA.1.1_1,Burera,RWA.1.1.13_1,Rugarama
RWA,Rwanda,RWA.1_1,Amajyaruguru,RWA.1.1_1,Burera,RWA.1.1.14_1,Rugengabari
RWA,Rwanda,RWA.1_1,Amajyaruguru,RWA.1.1_1,Burera,RWA.1.1.15_1,Ruhunde
RWA,Rwanda,RWA.1_1,Amajyaruguru,RWA.1.1_1,Burera,RWA.1.1.16_1,Rusarabuye
RWA,Rwanda,RWA.1_1,Amajyaruguru,RWA.1.1_1,Burera,RWA.1.1.17_1,Rwerere
RWA,Rwanda,RWA.1_1,Amajyaruguru,RWA.1.2_1,Gakenke,RWA.1.2.1_1,Busengo
RWA,Rwanda,RWA.1_1,Amajyaruguru,RWA.1.2_1,Gakenke,RWA.1.2.2_1,Coko
RWA,Rwanda,RWA.1_1,Amajyaruguru,RWA.1.2_1,Gakenke,RWA.1.2.3_1,Cyabingo
RWA,Rwanda,RWA.1_1,Amajyaruguru,RWA.1.2_1,Gakenke,RWA.1.2.4_1,Gakenke
RWA,Rwanda,RWA.1_1,Amajyaruguru,RWA.1.2_1,Gakenke,RWA.1.2.5_1,Gashenyi
RWA,Rwanda,RWA.1_1,Amajyaruguru,RWA.1.2_1,Gakenke,RWA.1.2.6_1,Janja
RWA,Rwanda,RWA.1_1,Amajyaruguru,RWA.1.2_1,Gakenke,RWA.1.2.7_1,Kamubuga
RWA,Rwanda,RWA.1_1,Amajyaruguru,RWA.1.2_1,Gakenke,RWA.1.2.8_1,Karambo
RWA,Rwanda,RWA.1_1,Amajyaruguru,RWA.1.2_1,Gakenke,RWA.1.2.9_1,Kivuruga
RWA,Rwanda,RWA.1_1,Amajyaruguru,RWA.1.2_1,Gakenke,RWA.1.2.10_1,Mataba
RWA,Rwanda,RWA.1_1,Amajyaruguru,RWA.1.2_1,Gakenke,RWA.1.2.11_1,Minazi
RWA,Rwanda,RWA.1_1,Amajyaruguru,RWA.1.2_1,Gakenke,RWA.1.2.12_1,Mugunga
RWA,Rwanda,RWA.1_1,Amajyaruguru,RWA.1.2_1,Gakenke,RWA.1.2.13_1,Muhondo
RWA,Rwanda,RWA.1_1,Amajyaruguru,RWA.1.2_1,Gakenke,RWA.1.2.14_1,Muyongwe
RWA,Rwanda,RWA.1_1,Amajyaruguru,RWA.1.2_1,Gakenke,RWA.1.2.15_1,Muzo
RWA,Rwanda,RWA.1_1,Amajyaruguru,RWA.1.2_1,Gakenke,RWA.1.2.16_1,Nemba
RWA,Rwanda,RWA.1_1,Amajyaruguru,RWA.1.2_1,Gakenke,RWA.1.2.17_1,Ruli
RWA,Rwanda,RWA.1_1,Amajyaruguru,RWA.1.2_1,Gakenke,RWA.1.2.18_1,Rusasa
RWA,Rwanda,RWA.1_1,Amajyaruguru,RWA.1.2_1,Gakenke,RWA.1.2.19_1,Rushashi
RWA,Rwanda,RWA.1_1,Amajyaruguru,RWA.1.3_1,Gicumbi,RWA.1.3.1_1,Bukure
RWA,Rwanda,RWA.1_1,Amajyaruguru,RWA.1.3_1,Gicumbi,RWA.1.3.2_1,Bwisige
RWA,Rwanda,RWA.1_1,Amajyaruguru,RWA.1.3_1,Gicumbi,RWA.1.3.3_1,Byumba
RWA,Rwanda,RWA.1_1,Amajyaruguru,RWA.1.3_1,Gicumbi,RWA.1.3.4_1,Cyumba
RWA,Rwanda,RWA.1_1,Amajyaruguru,RWA.1.3_1,Gicumbi,RWA.1.3.5_1,Giti
RWA,Rwanda,RWA.1_1,Amajyaruguru,RWA.1.3_1,Gicumbi,RWA.1.3.6_1,Kageyo
RWA,Rwanda,RWA.1_1,Amajyaruguru,RWA.1.3_1,Gicumbi,RWA.1.3.7_1,Kaniga
RWA,Rwanda,RWA.1_1,Amajyaruguru,RWA.1.3_1,Gicumbi,RWA.1.3.8_1,Manyagiro
RWA,Rwanda,RWA.1_1,Amajyaruguru,RWA.1.3_1,Gicumbi,RWA.1.3.9_1,Miyove
RWA,Rwanda,RWA.1_1,Amajyaruguru,RWA.1.3_1,Gicumbi,RWA.1.3.10_1,Mukarange
RWA,Rwanda,RWA.1_1,Amajyaruguru,RWA.1.3_1,Gicumbi,RWA.1.3.11_1,Muko
RWA,Rwanda,RWA.1_1,Amajyaruguru,RWA.1.3_1,Gicumbi,RWA.1.3.12_1,Mutete
RWA,Rwanda,RWA.1_1,Amajyaruguru,RWA.1.3_1,Gicumbi,RWA.1.3.13_1,Nyamiyaga
RWA,Rwanda,RWA.1_1,Amajyaruguru,RWA.1.3_1,Gicumbi,RWA.1.3.14_1,Nyankenke
RWA,Rwanda,RWA.1_1,Amajyaruguru,RWA.1.3_1,Gicumbi,RWA.1.3.15_1,Rubaya
RWA,Rwanda,RWA.1_1,Amajyaruguru,RWA.1.3_1,Gicumbi,RWA.1.3.16_1,Rukomo
RWA,Rwanda,RWA.1_1,Amajyaruguru,RWA.1.3_1,Gicumbi,RWA.1.3.17_1,Rushaki
RWA,Rwanda,RWA.1_1,Amajyaruguru,RWA.1.3_1,Gicumbi,RWA.1.3.18_1,Rutare
RWA,Rwanda,RWA.1_1,Amajyaruguru,RWA.1.3_1,Gicumbi,RWA.1.3.19_1,Ruvune
RWA,Rwanda,RWA.1_1,Amajyaruguru,RWA.1.3_1,Gicumbi,RWA.1.3.20_1,Rwamiko
RWA,Rwanda,RWA.1_1,Amajyaruguru,RWA.1.3_1,Gicumbi,RWA.1.3.21_1,Shangasha
RWA,Rwanda,RWA.1_1,Amajyaruguru,RWA.1.4_1,Musanze,RWA.1.4.1_1,Busogo
RWA,Rwanda,RWA.1_1,Amajyaruguru,RWA.1.4_1,Musanze,RWA.1.4.2_1,Cyuve
RWA,Rwanda,RWA.1_1,Amajyaruguru,RWA.1.4_1,Musanze,RWA.1.4.3_1,Gacaca
RWA,Rwanda,RWA.1_1,Amajyaruguru,RWA.1.4_1,Musanze,RWA.1.4.4_1,Gashaki
RWA,Rwanda,RWA.1_1,Amajyaruguru,RWA.1.4_1,Musanze,RWA.1.4.5_1,Gataraga
RWA,Rwanda,RWA.1_1,Amajyaruguru,RWA.1.4_1,Musanze,RWA.1.4.6_1,Kimonyi
RWA,Rwanda,RWA.1_1,Amajyaruguru,RWA.1.4_1,Musanze,RWA.1.4.7_1,Kinigi
RWA,Rwanda,RWA.1_1,Amajyaruguru,RWA.1.4_1,Musanze,RWA.1.4.8_1,Muhoza
RWA,Rwanda,RWA.1_1,Amajyaruguru,RWA.1.4_1,Musanze,RWA.1.4.9_1,Muko
RWA,Rwanda,RWA.1_1,Amajyaruguru,RWA.1.4_1,Musanze,RWA.1.4.10_1,Musanze
RWA,Rwanda,RWA.1_1,Amajyaruguru,RWA.1.4_1,Musanze,RWA.1.4.11_1,Nkotsi
RWA,Rwanda,RWA.1_1,Amajyaruguru,RWA.1.4_1,Musanze,RWA.1.4.12_1,Nyange
RWA,Rwanda,RWA.1_1,Amajyaruguru,RWA.1.4_1,Musanze,RWA.1.4.13_1,Remera
RWA,Rwanda,RWA.1_1,Amajyaruguru,RWA.1.4_1,Musanze,RWA.1.4.14_1,Rwaza
RWA,Rwanda,RWA.1_1,Amajyaruguru,RWA.1.4_1,Musanze,RWA.1.4.15_1,Shingiro
RWA,Rwanda,RWA.1_1,Amajyaruguru,RWA.1.5_1,Rulindo,RWA.1.5.1_1,Base
RWA,Rwanda,RWA.1_1,Amajyaruguru,RWA.1.5_1,Rulindo,RWA.1.5.2_1,Burega
RWA,Rwanda,RWA.1_1,Amajyaruguru,RWA.1.5_1,Rulindo,RWA.1.5.3_1,Bushoki
RWA,Rwanda,RWA.1_1,Amajyaruguru,RWA.1.5_1,Rulindo,RWA.1.5.4_1,Buyoga
RWA,Rwanda,RWA.1_1,Amajyaruguru,RWA.1.5_1,Rulindo,RWA.1.5.5_1,Cyinzuzi
RWA,Rwanda,RWA.1_1,Amajyaruguru,RWA.1.5_1,Rulindo,RWA.1.5.6_1,Cyungo
RWA,Rwanda,RWA.1_1,Amajyaruguru,RWA.1.5_1,Rulindo,RWA.1.5.7_1,Kinihira
RWA,Rwanda,RWA.1_1,Amajyaruguru,RWA.1.5_1,Rulindo,RWA.1.5.8_1,Kisaro
RWA,Rwanda,RWA.1_1,Amajyaruguru,RWA.1.5_1,Rulindo,RWA.1.5.9_1,Masoro
RWA,Rwanda,RWA.1_1,Amajyaruguru,RWA.1.5_1,Rulindo,RWA.1.5.10_1,Mbogo
RWA,Rwanda,RWA.1_1,Amajyaruguru,RWA.1.5_1,Rulindo,RWA.1.5.11_1,Murambi
RWA,Rwanda,RWA.1_1,Amajyaruguru,RWA.1.5_1,Rulindo,RWA.1.5.12_1,Ngoma
RWA,Rwanda,RWA.1_1,Amajyaruguru,RWA.1.5_1,Rulindo,RWA.1.5.13_1,Ntarabana
RWA,Rwanda,RWA.1_1,Amajyaruguru,RWA.1.5_1,Rulindo,RWA.1.5.14_1,Rukozo
RWA,Rwanda,RWA.1_1,Amajyaruguru,RWA.1.5_1,Rulindo,RWA.1.5.15_1,Rusiga
RWA,Rwanda,RWA.1_1,Amajyaruguru,RWA.1.5_1,Rulindo,RWA.1.5.16_1,Shyorongi
RWA,Rwanda,RWA.1_1,Amajyaruguru,RWA.1.5_1,Rulindo,RWA.1.5.17_1,Tumba
RWA,Rwanda,RWA.2_1,Amajyepfo,RWA.2.1_1,Gisagara,RWA.2.1.1_1,Gikonko
RWA,Rwanda,RWA.2_1,Amajyepfo,RWA.2.1_1,Gisagara,RWA.2.1.2_1,Gishubi
RWA,Rwanda,RWA.2_1,Amajyepfo,RWA.2.1_1,Gisagara,RWA.2.1.3_1,Kansi
RWA,Rwanda,RWA.2_1,Amajyepfo,RWA.2.1_1,Gisagara,RWA.2.1.4_1,Kibirizi
RWA,Rwanda,RWA.2_1,Amajyepfo,RWA.2.1_1,Gisagara,RWA.2.1.5_1,Kigembe
RWA,Rwanda,RWA.2_1,Amajyepfo,RWA.2.1_1,Gisagara,RWA.2.1.6_1,Mamba
RWA,Rwanda,RWA.2_1,Amajyepfo,RWA.2.1_1,Gisagara,RWA.2.1.7_1,Muganza
RWA,Rwanda,RWA.2_1,Amajyepfo,RWA.2.1_1,Gisagara,RWA.2.1.8_1,Mugombwa
RWA,Rwanda,RWA.2_1,Amajyepfo,RWA.2.1_1,Gisagara,RWA.2.1.9_1,Mukindo
RWA,Rwanda,RWA.2_1,Amajyepfo,RWA.2.1_1,Gisagara,RWA.2.1.10_1,Musha
RWA,Rwanda,RWA.2_1,Amajyepfo,RWA.2.1_1,Gisagara,RWA.2.1.11_1,Ndora
RWA,Rwanda,RWA.2_1,Amajyepfo,RWA.2.1_1,Gisagara,RWA.2.1.12_1,Nyanza
RWA,Rwanda,RWA.2_1,Amajyepfo,RWA.2.1_1,Gisagara,RWA.2.1.13_1,Save
RWA,Rwanda,RWA.2_1,Amajyepfo,RWA.2.2_1,Huye,RWA.2.2.1_1,Gishamvu
RWA,Rwanda,RWA.2_1,Amajyepfo,RWA.2.2_1,Huye,RWA.2.2.2_1,Huye
RWA,Rwanda,RWA.2_1,Amajyepfo,RWA.2.2_1,Huye,RWA.2.2.3_1,Karama
RWA,Rwanda,RWA.2_1,Amajyepfo,RWA.2.2_1,Huye,RWA.2.2.4_1,Kigoma
RWA,Rwanda,RWA.2_1,Amajyepfo,RWA.2.2_1,Huye,RWA.2.2.5_1,Kinazi
RWA,Rwanda,RWA.2_1,Amajyepfo,RWA.2.2_1,Huye,RWA.2.2.6_1,Maraba
RWA,Rwanda,RWA.2_1,Amajyepfo,RWA.2.2_1,Huye,RWA.2.2.7_1,Mbazi
RWA,Rwanda,RWA.2_1,Amajyepfo,RWA.2.2_1,Huye,RWA.2.2.8_1,Mukura
RWA,Rwanda,RWA.2_1,Amajyepfo,RWA.2.2_1,Huye,RWA.2.2.9_1,Ngoma
RWA,Rwanda,RWA.2_1,Amajyepfo,RWA.2.2_1,Huye,RWA.2.2.10_1,Rudashya
RWA,Rwanda,RWA.2_1,Amajyepfo,RWA.2.2_1,Huye,RWA.2.2.11_1,Ruhashya
RWA,Rwanda,RWA.2_1,Amajyepfo,RWA.2.2_1,Huye,RWA.2.2.12_1,Rusatira
RWA,Rwanda,RWA.2_1,Amajyepfo,RWA.2.2_1,Huye,RWA.2.2.13_1,Rwaniro
RWA,Rwanda,RWA.2_1,Amajyepfo,RWA.2.2_1,Huye,RWA.2.2.14_1,Simbi
RWA,Rwanda,RWA.2_1,Amajyepfo,RWA.2.2_1,Huye,RWA.2.2.15_1,Tumba
RWA,Rwanda,RWA.2_1,Amajyepfo,RWA.2.3_1,Kamonyi,RWA.2.3.1_1,Gacurabwenge
RWA,Rwanda,RWA.2_1,Amajyepfo,RWA.2.3_1,Kamonyi,RWA.2.3.2_1,Karama
RWA,Rwanda,RWA.2_1,Amajyepfo,RWA.2.3_1,Kamonyi,RWA.2.3.3_1,Kayenzi
RWA,Rwanda,RWA.2_1,Amajyepfo,RWA.2.3_1,Kamonyi,RWA.2.3.4_1,Kayumbu
RWA,Rwanda,RWA.2_1,Amajyepfo,RWA.2.3_1,Kamonyi,RWA.2.3.5_1,Mugina
RWA,Rwanda,RWA.2_1,Amajyepfo,RWA.2.3_1,Kamonyi,RWA.2.3.6_1,Musambira
RWA,Rwanda,RWA.2_1,Amajyepfo,RWA.2.3_1,Kamonyi,RWA.2.3.7_1,Ngamba
RWA,Rwanda,RWA.2_1,Amajyepfo,RWA.2.3_1,Kamonyi,RWA.2.3.8_1,Nyamiyaga
RWA,Rwanda,RWA.2_1,Amajyepfo,RWA.2.3_1,Kamonyi,RWA.2.3.9_1,Nyarubaka
RWA,Rwanda,RWA.2_1,Amajyepfo,RWA.2.3_1,Kamonyi,RWA.2.3.10_1,Rugarika
RWA,Rwanda,RWA.2_1,Amajyepfo,RWA.2.3_1,Kamonyi,RWA.2.3.11_1,Rukoma
RWA,Rwanda,RWA.2_1,Amajyepfo,RWA.2.3_1,Kamonyi,RWA.2.3.12_1,Runda
RWA,Rwanda,RWA.2_1,Amajyepfo,RWA.2.4_1,Muhanga,RWA.2.4.1_1,Cyeza
RWA,Rwanda,RWA.2_1,Amajyepfo,RWA.2.4_1,Muhanga,RWA.2.4.2_1,Kabacuzi
RWA,Rwanda,RWA.2_1,Amajyepfo,RWA.2.4_1,Muhanga,RWA.2.4.3_1,Kibangu
RWA,Rwanda,RWA.2_1,Amajyepfo,RWA.2.4_1,Muhanga,RWA.2.4.4_1,Kiyumba
RWA,Rwanda,RWA.2_1,Amajyepfo,RWA.2.4_1,Muhanga,RWA.2.4.5_1,Muhanga
RWA,Rwanda,RWA.2_1,Amajyepfo,RWA.2.4_1,Muhanga,RWA.2.4.6_1,Mushishiro
RWA,Rwanda,RWA.2_1,Amajyepfo,RWA.2.4_1,Muhanga,RWA.2.4.7_1,Nyabinoni
RWA,Rwanda,RWA.2_1,Amajyepfo,RWA.2.4_1,Muhanga,RWA.2.4.8_1,Nyamabuye
RWA,Rwanda,RWA.2_1,Amajyepfo,RWA.2.4_1,Muhanga,RWA.2.4.9_1,Nyarusange
RWA,Rwanda,RWA.2_1,Amajyepfo,RWA.2.4_1,Muhanga,RWA.2.4.10_1,Rongi
RWA,Rwanda,RWA.2_1,Amajyepfo,RWA.2.4_1,Muhanga,RWA.2.4.11_1,Rugendabari
RWA,Rwanda,RWA.2_1,Amajyepfo,RWA.2.4_1,Muhanga,RWA.2.4.12_1,Shyogwe
RWA,Rwanda,RWA.2_1,Amajyepfo,RWA.2.5_1,Nyamagabe,RWA.2.5.1_1,Buruhukiro
RWA,Rwanda,RWA.2_1,Amajyepfo,RWA.2.5_1,Nyamagabe,RWA.2.5.2_1,Cyanika
RWA,Rwanda,RWA.2_1,Amajyepfo,RWA.2.5_1,Nyamagabe,RWA.2.5.3_1,Gasaka
RWA,Rwanda,RWA.2_1,Amajyepfo,RWA.2.5_1,Nyamagabe,RWA.2.5.4_1,Gatare
RWA,Rwanda,RWA.2_1,Amajyepfo,RWA.2.5_1,Nyamagabe,RWA.2.5.5_1,Kaduha
RWA,Rwanda,RWA.2_1,Amajyepfo,RWA.2.5_1,Nyamagabe,RWA.2.5.6_1,Kamegeri
RWA,Rwanda,RWA.2_1,Amajyepfo,RWA.2.5_1,Nyamagabe,RWA.2.5.7_1,Kibirizi
RWA,Rwanda,RWA.2_1,Amajyepfo,RWA.2.5_1,Nyamagabe,RWA.2.5.8_1,Kibumbwe
RWA,Rwanda,RWA.2_1,Amajyepfo,RWA.2.5_1,Nyamagabe,RWA.2.5.9_1,Kitabi
RWA,Rwanda,RWA.2_1,Amajyepfo,RWA.2.5_1,Nyamagabe,RWA.2.5.10_1,Mbazi
RWA,Rwanda,RWA.2_1,Amajyepfo,RWA.2.5_1,Nyamagabe,RWA.2.5.11_1,Mugano
RWA,Rwanda,RWA.2_1,Amajyepfo,RWA.2.5_1,Nyamagabe,RWA.2.5.12_1,Musange
RWA,Rwanda,RWA.2_1,Amajyepfo,RWA.2.5_1,Nyamagabe,RWA.2.5.13_1,Musebeya
RWA,Rwanda,RWA.2_1,Amajyepfo,RWA.2.5_1,Nyamagabe,RWA.2.5.14_1,Mushubi
RWA,Rwanda,RWA.2_1,Amajyepfo,RWA.2.5_1,Nyamagabe,RWA.2.5.15_1,Nkomane
RWA,Rwanda,RWA.2_1,Amajyepfo,RWA.2.5_1,Nyamagabe,RWA.2.5.16_1,Tare
RWA,Rwanda,RWA.2_1,Amajyepfo,RWA.2.5_1,Nyamagabe,RWA.2.5.17_1,Uwinkingi
RWA,Rwanda,RWA.2_1,Amajyepfo,RWA.2.6_1,Nyanza,RWA.2.6.1_1,Busasamana
RWA,Rwanda,RWA.2_1,Amajyepfo,RWA.2.6_1,Nyanza,RWA.2.6.2_1,Busoro
RWA,Rwanda,RWA.2_1,Amajyepfo,RWA.2.6_1,Nyanza,RWA.2.6.3_1,Cyabakamyi
RWA,Rwanda,RWA.2_1,Amajyepfo,RWA.2.6_1,Nyanza,RWA.2.6.4_1,Kibilizi
RWA,Rwanda,RWA.2_1,Amajyepfo,RWA.2.6_1,Nyanza,RWA.2.6.5_1,Kigoma
RWA,Rwanda,RWA.2_1,Amajyepfo,RWA.2.6_1,Nyanza,RWA.2.6.6_1,Mukingo
RWA,Rwanda,RWA.2_1,Amajyepfo,RWA.2.6_1,Nyanza,RWA.2.6.7_1,Muyira
RWA,Rwanda,RWA.2_1,Amajyepfo,RWA.2.6_1,Nyanza,RWA.2.6.8_1,Ntyazo
RWA,Rwanda,RWA.2_1,Amajyepfo,RWA.2.6_1,Nyanza,RWA.2.6.9_1,Nyagisozi
RWA,Rwanda,RWA.2_1,Amajyepfo,RWA.2.6_1,Nyanza,RWA.2.6.10_1,Rwabicuma
RWA,Rwanda,RWA.2_1,Amajyepfo,RWA.2.7_1,Nyaruguru,RWA.2.7.1_1,Busanze
RWA,Rwanda,RWA.2_1,Amajyepfo,RWA.2.7_1,Nyaruguru,RWA.2.7.2_1,Cyahinda
RWA,Rwanda,RWA.2_1,Amajyepfo,RWA.2.7_1,Nyaruguru,RWA.2.7.3_1,Kibeho
RWA,Rwanda,RWA.2_1,Amajyepfo,RWA.2.7_1,Nyaruguru,RWA.2.7.4_1,Kivu
RWA,Rwanda,RWA.2_1,Amajyepfo,RWA.2.7_1,Nyaruguru,RWA.2.7.5_1,Mata
RWA,Rwanda,RWA.2_1,Amajyepfo,RWA.2.7_1,Nyaruguru,RWA.2.7.6_1,Muganza
RWA,Rwanda,RWA.2_1,Amajyepfo,RWA.2.7_1,Nyaruguru,RWA.2.7.7_1,Munini
RWA,Rwanda,RWA.2_1,Amajyepfo,RWA.2.7_1,Nyaruguru,RWA.2.7.8_1,Ngera
RWA,Rwanda,RWA.2_1,Amajyepfo,RWA.2.7_1,Nyaruguru,RWA.2.7.9_1,Ngoma
RWA,Rwanda,RWA.2_1,Amajyepfo,RWA.2.7_1,Nyaruguru,RWA.2.7.10_1,Nyabimata
RWA,Rwanda,RWA.2_1,Amajyepfo,RWA.2.7_1,Nyaruguru,RWA.2.7.11_1,Nyagisozi
RWA,Rwanda,RWA.2_1,Amajyepfo,RWA.2.7_1,Nyaruguru,RWA.2.7.12_1,Ruheru
RWA,Rwanda,RWA.2_1,Amajyepfo,RWA.2.7_1,Nyaruguru,RWA.2.7.13_1,Ruramba
RWA,Rwanda,RWA.2_1,Amajyepfo,RWA.2.7_1,Nyaruguru,RWA.2.7.14_1,Rusenge
RWA,Rwanda,RWA.2_1,Amajyepfo,RWA.2.8_1,Ruhango,RWA.2.8.1_1,Bweramana
RWA,Rwanda,RWA.2_1,Amajyepfo,RWA.2.8_1,Ruhango,RWA.2.8.2_1,Byimana
RWA,Rwanda,RWA.2_1,Amajyepfo,RWA.2.8_1,Ruhango,RWA.2.8.3_1,Kabagali
RWA,Rwanda,RWA.2_1,Amajyepfo,RWA.2.8_1,Ruhango,RWA.2.8.4_1,Kinazi
RWA,Rwanda,RWA.2_1,Amajyepfo,RWA.2.8_1,Ruhango,RWA.2.8.5_1,Kinihira
RWA,Rwanda,RWA.2_1,Amajyepfo,RWA.2.8_1,Ruhango,RWA.2.8.6_1,Mbuye
RWA,Rwanda,RWA.2_1,Amajyepfo,RWA.2.8_1,Ruhango,RWA.2.8.7_1,Mwendo
RWA,Rwanda,RWA.2_1,Amajyepfo,RWA.2.8_1,Ruhango,RWA.2.8.8_1,Ntongwe
RWA,Rwanda,RWA.2_1,Amajyepfo,RWA.2.8_1,Ruhango,RWA.2.8.9_1,Ruhango
RWA,Rwanda,RWA.3_1,Iburasirazuba,RWA.3.1_1,Bugesera,RWA.3.1.1_1,Gashora
RWA,Rwanda,RWA.3_1,Iburasirazuba,RWA.3.1_1,Bugesera,RWA.3.1.2_1,Juru
RWA,Rwanda,RWA.3_1,Iburasirazuba,RWA.3.1_1,Bugesera,RWA.3.1.3_1,Kamabuye
RWA,Rwanda,RWA.3_1,Iburasirazuba,RWA.3.1_1,Bugesera,RWA.3.1.4_1,Mareba
RWA,Rwanda,RWA.3_1,Iburasirazuba,RWA.3.1_1,Bugesera,RWA.3.1.5_1,Mayange
RWA,Rwanda,RWA.3_1,Iburasirazuba,RWA.3.1_1,Bugesera,RWA.3.1.6_1,Musenyi
RWA,Rwanda,RWA.3_1,Iburasirazuba,RWA.3.1_1,Bugesera,RWA.3.1.7_1,Mwogo
RWA,Rwanda,RWA.3_1,Iburasirazuba,RWA.3.1_1,Bugesera,RWA.3.1.8_1,Ngeruka
RWA,Rwanda,RWA.3_1,Iburasirazuba,RWA.3.1_1,Bugesera,RWA.3.1.9_1,Ntarama
RWA,Rwanda,RWA.3_1,Iburasirazuba,RWA.3.1_1,Bugesera,RWA.3.1.10_1,Nyamata
RWA,Rwanda,RWA.3_1,Iburasirazuba,RWA.3.1_1,Bugesera,RWA.3.1.11_1,Nyarugenge
RWA,Rwanda,RWA.3_1,Iburasirazuba,RWA.3.1_1,Bugesera,RWA.3.1.12_1,Rilima
RWA,Rwanda,RWA.3_1,Iburasirazuba,RWA.3.1_1,Bugesera,RWA.3.1.13_1,Ruhuha
RWA,Rwanda,RWA.3_1,Iburasirazuba,RWA.3.1_1,Bugesera,RWA.3.1.14_1,Rweru
RWA,Rwanda,RWA.3_1,Iburasirazuba,RWA.3.1_1,Bugesera,RWA.3.1.15_1,Shyara
RWA,Rwanda,RWA.3_1,Iburasirazuba,RWA.3.2_1,Gatsibo,RWA.3.2.1_1,Gasange
RWA,Rwanda,RWA.3_1,Iburasirazuba,RWA.3.2_1,Gatsibo,RWA.3.2.2_1,Gatsibo
RWA,Rwanda,RWA.3_1,Iburasirazuba,RWA.3.2_1,Gatsibo,RWA.3.2.3_1,Gitoki
RWA,Rwanda,RWA.3_1,Iburasirazuba,RWA.3.2_1,Gatsibo,RWA.3.2.4_1,Kabarore
RWA,Rwanda,RWA.3_1,Iburasirazuba,RWA.3.2_1,Gatsibo,RWA.3.2.5_1,Kageyo
RWA,Rwanda,RWA.3_1,Iburasirazuba,RWA.3.2_1,Gatsibo,RWA.3.2.6_1,Kiramuruzi
RWA,Rwanda,RWA.3_1,Iburasirazuba,RWA.3.2_1,Gatsibo,RWA.3.2.7_1,Kiziguro
RWA,Rwanda,RWA.3_1,Iburasirazuba,RWA.3.2_1,Gatsibo,RWA.3.2.8_1,Muhura
RWA,Rwanda,RWA.3_1,Iburasirazuba,RWA.3.2_1,Gatsibo,RWA.3.2.9_1,Murambi
RWA,Rwanda,RWA.3_1,Iburasirazuba,RWA.3.2_1,Gatsibo,RWA.3.2.10_1,Ngarama
RWA,Rwanda,RWA.3_1,Iburasirazuba,RWA.3.2_1,Gatsibo,RWA.3.2.11_1,Nyagihanga
RWA,Rwanda,RWA.3_1,Iburasirazuba,RWA.3.2_1,Gatsibo,RWA.3.2.12_1,Remera
RWA,Rwanda,RWA.3_1,Iburasirazuba,RWA.3.2_1,Gatsibo,RWA.3.2.13_1,Rugarama
RWA,Rwanda,RWA.3_1,Iburasirazuba,RWA.3.2_1,Gatsibo,RWA.3.2.14_1,Rwimbogo
RWA,Rwanda,RWA.3_1,Iburasirazuba,RWA.3.3_1,Kayonza,RWA.3.3.1_1,Gahini
RWA,Rwanda,RWA.3_1,Iburasirazuba,RWA.3.3_1,Kayonza,RWA.3.3.2_1,Kabare
RWA,Rwanda,RWA.3_1,Iburasirazuba,RWA.3.3_1,Kayonza,RWA.3.3.3_1,Kabarondo
RWA,Rwanda,RWA.3_1,Iburasirazuba,RWA.3.3_1,Kayonza,RWA.3.3.4_1,Mukarange
RWA,Rwanda,RWA.3_1,Iburasirazuba,RWA.3.3_1,Kayonza,RWA.3.3.5_1,Murama
RWA,Rwanda,RWA.3_1,Iburasirazuba,RWA.3.3_1,Kayonza,RWA.3.3.6_1,Murundi
RWA,Rwanda,RWA.3_1,Iburasirazuba,RWA.3.3_1,Kayonza,RWA.3.3.7_1,Mwiri
RWA,Rwanda,RWA.3_1,Iburasirazuba,RWA.3.3_1,Kayonza,RWA.3.3.8_1,Ndego
RWA,Rwanda,RWA.3_1,Iburasirazuba,RWA.3.3_1,Kayonza,RWA.3.3.9_1,Nyamirama
RWA,Rwanda,RWA.3_1,Iburasirazuba,RWA.3.3_1,Kayonza,RWA.3.3.10_1,Rukara
RWA,Rwanda,RWA.3_1,Iburasirazuba,RWA.3.3_1,Kayonza,RWA.3.3.11_1,Ruramira
RWA,Rwanda,RWA.3_1,Iburasirazuba,RWA.3.3_1,Kayonza,RWA.3.3.12_1,Rwinkwavu
RWA,Rwanda,RWA.3_1,Iburasirazuba,RWA.3.4_1,Kirehe,RWA.3.4.1_1,Gahara
RWA,Rwanda,RWA.3_1,Iburasirazuba,RWA.3.4_1,Kirehe,RWA.3.4.2_1,Gatore
RWA,Rwanda,RWA.3_1,Iburasirazuba,RWA.3.4_1,Kirehe,RWA.3.4.3_1,Kigarama
RWA,Rwanda,RWA.3_1,Iburasirazuba,RWA.3.4_1,Kirehe,RWA.3.4.4_1,Kigina
RWA,Rwanda,RWA.3_1,Iburasirazuba,RWA.3.4_1,Kirehe,RWA.3.4.5_1,Kirehe
RWA,Rwanda,RWA.3_1,Iburasirazuba,RWA.3.4_1,Kirehe,RWA.3.4.6_1,Mahama
RWA,Rwanda,RWA.3_1,Iburasirazuba,RWA.3.4_1,Kirehe,RWA.3.4.7_1,Mpanga
RWA,Rwanda,RWA.3_1,Iburasirazuba,RWA.3.4_1,Kirehe,RWA.3.4.8_1,Musaza
RWA,Rwanda,RWA.3_1,Iburasirazuba,RWA.3.4_1,Kirehe,RWA.3.4.9_1,Mushikiri
RWA,Rwanda,RWA.3_1,Iburasirazuba,RWA.3.4_1,Kirehe,RWA.3.4.10_1,Nasho
RWA,Rwanda,RWA.3_1,Iburasirazuba,RWA.3.4_1,Kirehe,RWA.3.4.11_1,Nyamugari
RWA,Rwanda,RWA.3_1,Iburasirazuba,RWA.3.4_1,Kirehe,RWA.3.4.12_1,Nyarubuye
RWA,Rwanda,RWA.3_1,Iburasirazuba,RWA.3.5_1,Ngoma,RWA.3.5.1_1,Gashanda
RWA,Rwanda,RWA.3_1,Iburasirazuba,RWA.3.5_1,Ngoma,RWA.3.5.2_1,Jarama
RWA,Rwanda,RWA.3_1,Iburasirazuba,RWA.3.5_1,Ngoma,RWA.3.5.3_1,Karembo
RWA,Rwanda,RWA.3_1,Iburasirazuba,RWA.3.5_1,Ngoma,RWA.3.5.4_1,Kazo
RWA,Rwanda,RWA.3_1,Iburasirazuba,RWA.3.5_1,Ngoma,RWA.3.5.5_1,Kibungo
RWA,Rwanda,RWA.3_1,Iburasirazuba,RWA.3.5_1,Ngoma,RWA.3.5.6_1,Mugesera
RWA,Rwanda,RWA.3_1,Iburasirazuba,RWA.3.5_1,Ngoma,RWA.3.5.7_1,Murama
RWA,Rwanda,RWA.3_1,Iburasirazuba,RWA.3.5_1,Ngoma,RWA.3.5.8_1,Mutenderi
RWA,Rwanda,RWA.3_1,Iburasirazuba,RWA.3.5_1,Ngoma,RWA.3.5.9_1,Remera
RWA,Rwanda,RWA.3_1,Iburasirazuba,RWA.3.5_1,Ngoma,RWA.3.5.10_1,Rukira
RWA,Rwanda,RWA.3_1,Iburasirazuba,RWA.3.5_1,Ngoma,RWA.3.5.11_1,Rukumberi
RWA,Rwanda,RWA.3_1,Iburasirazuba,RWA.3.5_1,Ngoma,RWA.3.5.12_1,Rurenge
RWA,Rwanda,RWA.3_1,Iburasirazuba,RWA.3.5_1,Ngoma,RWA.3.5.13_1,Sake
RWA,Rwanda,RWA.3_1,Iburasirazuba,RWA.3.5_1,Ngoma,RWA.3.5.14_1,Zaza
RWA,Rwanda,RWA.3_1,Iburasirazuba,RWA.3.6_1,Nyagatare,RWA.3.6.1_1,Gatunda
RWA,Rwanda,RWA.3_1,Iburasirazuba,RWA.3.6_1,Nyagatare,RWA.3.6.2_1,Karama
RWA,Rwanda,RWA.3_1,Iburasirazuba,RWA.3.6_1,Nyagatare,RWA.3.6.3_1,Karangazi
RWA,Rwanda,RWA.3_1,Iburasirazuba,RWA.3.6_1,Nyagatare,RWA.3.6.4_1,Katabagemu
RWA,Rwanda,RWA.3_1,Iburasirazuba,RWA.3.6_1,Nyagatare,RWA.3.6.5_1,Kiyombe
RWA,Rwanda,RWA.3_1,Iburasirazuba,RWA.3.6_1,Nyagatare,RWA.3.6.6_1,Matimba
RWA,Rwanda,RWA.3_1,Iburasirazuba,RWA.3.6_1,Nyagatare,RWA.3.6.7_1,Mimuri
RWA,Rwanda,RWA.3_1,Iburasirazuba,RWA.3.6_1,Nyagatare,RWA.3.6.8_1,Mukama
RWA,Rwanda,RWA.3_1,Iburasirazuba,RWA.3.6_1,Nyagatare,RWA.3.6.9_1,Musheri
RWA,Rwanda,RWA.3_1,Iburasirazuba,RWA.3.6_1,Nyagatare,RWA.3.6.10_1,Nyagatare
RWA,Rwanda,RWA.3_1,Iburasirazuba,RWA.3.6_1,Nyagatare,RWA.3.6.11_1,Rukomo
RWA,Rwanda,RWA.3_1,Iburasirazuba,RWA.3.6_1,Nyagatare,RWA.3.6.12_1,Rwempasha
RWA,Rwanda,RWA.3_1,Iburasirazuba,RWA.3.6_1,Nyagatare,RWA.3.6.13_1,Rwimiyaga
RWA,Rwanda,RWA.3_1,Iburasirazuba,RWA.3.6_1,Nyagatare,RWA.3.6.14_1,Tabagwe
RWA,Rwanda,RWA.3_1,Iburasirazuba,RWA.3.7_1,Rwamagana,RWA.3.7.1_1,Fumbwe
RWA,Rwanda,RWA.3_1,Iburasirazuba,RWA.3.7_1,Rwamagana,RWA.3.7.2_1,Gahengeri
RWA,Rwanda,RWA.3_1,Iburasirazuba,RWA.3.7_1,Rwamagana,RWA.3.7.3_1,Gishali
RWA,Rwanda,RWA.3_1,Iburasirazuba,RWA.3.7_1,Rwamagana,RWA.3.7.4_1,Karenge
RWA,Rwanda,RWA.3_1,Iburasirazuba,RWA.3.7_1,Rwamagana,RWA.3.7.5_1,Kigabiro
RWA,Rwanda,RWA.3_1,Iburasirazuba,RWA.3.7_1,Rwamagana,RWA.3.7.6_1,Muhazi
RWA,Rwanda,RWA.3_1,Iburasirazuba,RWA.3.7_1,Rwamagana,RWA.3.7.7_1,Munyaga
RWA,Rwanda,RWA.3_1,Iburasirazuba,RWA.3.7_1,Rwamagana,RWA.3.7.8_1,Munyiginya
RWA,Rwanda,RWA.3_1,Iburasirazuba,RWA.3.7_1,Rwamagana,RWA.3.7.9_1,Musha
RWA,Rwanda,RWA.3_1,Iburasirazuba,RWA.3.7_1,Rwamagana,RWA.3.7.10_1,Muyumbu
RWA,Rwanda,RWA.3_1,Iburasirazuba,RWA.3.7_1,Rwamagana,RWA.3.7.11_1,Mwulire
RWA,Rwanda,RWA.3_1,Iburasirazuba,RWA.3.7_1,Rwamagana,RWA.3.7.12_1,Nyakaliro
RWA,Rwanda,RWA.3_1,Iburasirazuba,RWA.3.7_1,Rwamagana,RWA.3.7.13_1,Nzige
RWA,Rwanda,RWA.3_1,Iburasirazuba,RWA.3.7_1,Rwamagana,RWA.3.7.14_1,Rubona
RWA,Rwanda,RWA.4_1,Iburengerazuba,RWA.4.1_1,Karongi,RWA.4.1.1_1,Bwishyura
RWA,Rwanda,RWA.4_1,Iburengerazuba,RWA.4.1_1,Karongi,RWA.4.1.2_1,Gashari
RWA,Rwanda,RWA.4_1,Iburengerazuba,RWA.4.1_1,Karongi,RWA.4.1.3_1,Gishyita
RWA,Rwanda,RWA.4_1,Iburengerazuba,RWA.4.1_1,Karongi,RWA.4.1.4_1,Gitesi
RWA,Rwanda,RWA.4_1,Iburengerazuba,RWA.4.1_1,Karongi,RWA.4.1.5_1,Lac Kivu
RWA,Rwanda,RWA.4_1,Iburengerazuba,RWA.4.1_1,Karongi,RWA.4.1.6_1,Mubuga
RWA,Rwanda,RWA.4_1,Iburengerazuba,RWA.4.1_1,Karongi,RWA.4.1.7_1,Murambi
RWA,Rwanda,RWA.4_1,Iburengerazuba,RWA.4.1_1,Karongi,RWA.4.1.8_1,Murundi
RWA,Rwanda,RWA.4_1,Iburengerazuba,RWA.4.1_1,Karongi,RWA.4.1.9_1,Mutuntu
RWA,Rwanda,RWA.4_1,Iburengerazuba,RWA.4.1_1,Karongi,RWA.4.1.10_1,Rubengera
RWA,Rwanda,RWA.4_1,Iburengerazuba,RWA.4.1_1,Karongi,RWA.4.1.11_1,Rugabano
RWA,Rwanda,RWA.4_1,Iburengerazuba,RWA.4.1_1,Karongi,RWA.4.1.12_1,Ruganda
RWA,Rwanda,RWA.4_1,Iburengerazuba,RWA.4.1_1,Karongi,RWA.4.1.13_1,Rwankuba
RWA,Rwanda,RWA.4_1,Iburengerazuba,RWA.4.1_1,Karongi,RWA.4.1.14_1,Twumba
RWA,Rwanda,RWA.4_1,Iburengerazuba,RWA.4.2_1,Ngororero,RWA.4.2.1_1,Bwira
RWA,Rwanda,RWA.4_1,Iburengerazuba,RWA.4.2_1,Ngororero,RWA.4.2.2_1,Gatumba
RWA,Rwanda,RWA.4_1,Iburengerazuba,RWA.4.2_1,Ngororero,RWA.4.2.3_1,Hindiro
RWA,Rwanda,RWA.4_1,Iburengerazuba,RWA.4.2_1,Ngororero,RWA.4.2.4_1,Kabaya
RWA,Rwanda,RWA.4_1,Iburengerazuba,RWA.4.2_1,Ngororero,RWA.4.2.5_1,Kageyo
RWA,Rwanda,RWA.4_1,Iburengerazuba,RWA.4.2_1,Ngororero,RWA.4.2.6_1,Kavumu
RWA,Rwanda,RWA.4_1,Iburengerazuba,RWA.4.2_1,Ngororero,RWA.4.2.7_1,Matyazo
RWA,Rwanda,RWA.4_1,Iburengerazuba,RWA.4.2_1,Ngororero,RWA.4.2.8_1,Muhanda
RWA,Rwanda,RWA.4_1,Iburengerazuba,RWA.4.2_1,Ngororero,RWA.4.2.9_1,Muhororo
RWA,Rwanda,RWA.4_1,Iburengerazuba,RWA.4.2_1,Ngororero,RWA.4.2.10_1,Ndaro
RWA,Rwanda,RWA.4_1,Iburengerazuba,RWA.4.2_1,Ngororero,RWA.4.2.11_1,Ngororero
RWA,Rwanda,RWA.4_1,Iburengerazuba,RWA.4.2_1,Ngororero,RWA.4.2.12_1,Nyange
RWA,Rwanda,RWA.4_1,Iburengerazuba,RWA.4.2_1,Ngororero,RWA.4.2.13_1,Sovu
RWA,Rwanda,RWA.4_1,Iburengerazuba,RWA.4.3_1,Nyabihu,RWA.4.3.1_1,Bigogwe
RWA,Rwanda,RWA.4_1,Iburengerazuba,RWA.4.3_1,Nyabihu,RWA.4.3.2_1,Jenda
RWA,Rwanda,RWA.4_1,Iburengerazuba,RWA.4.3_1,Nyabihu,RWA.4.3.3_1,Jomba
RWA,Rwanda,RWA.4_1,Iburengerazuba,RWA.4.3_1,Nyabihu,RWA.4.3.4_1,Kabatwa
RWA,Rwanda,RWA.4_1,Iburengerazuba,RWA.4.3_1,Nyabihu,RWA.4.3.5_1,Karago
RWA,Rwanda,RWA.4_1,Iburengerazuba,RWA.4.3_1,Nyabihu,RWA.4.3.6_1,Kintobo
RWA,Rwanda,RWA.4_1,Iburengerazuba,RWA.4.3_1,Nyabihu,RWA.4.3.7_1,Mukamira
RWA,Rwanda,RWA.4_1,Iburengerazuba,RWA.4.3_1,Nyabihu,RWA.4.3.8_1,Muringa
RWA,Rwanda,RWA.4_1,Iburengerazuba,RWA.4.3_1,Nyabihu,RWA.4.3.9_1,Rambura
RWA,Rwanda,RWA.4_1,Iburengerazuba,RWA.4.3_1,Nyabihu,RWA.4.3.10_1,Rugera
RWA,Rwanda,RWA.4_1,Iburengerazuba,RWA.4.3_1,Nyabihu,RWA.4.3.11_1,Rurembo
RWA,Rwanda,RWA.4_1,Iburengerazuba,RWA.4.3_1,Nyabihu,RWA.4.3.12_1,Shyira
RWA,Rwanda,RWA.4_1,Iburengerazuba,RWA.4.4_1,Nyamasheke,RWA.4.4.1_1,Bushekeri
RWA,Rwanda,RWA.4_1,Iburengerazuba,RWA.4.4_1,Nyamasheke,RWA.4.4.2_1,Bushenge
RWA,Rwanda,RWA.4_1,Iburengerazuba,RWA.4.4_1,Nyamasheke,RWA.4.4.3_1,Cyato
RWA,Rwanda,RWA.4_1,Iburengerazuba,RWA.4.4_1,Nyamasheke,RWA.4.4.4_1,Gihombo
RWA,Rwanda,RWA.4_1,Iburengerazuba,RWA.4.4_1,Nyamasheke,RWA.4.4.5_1,Kagano
RWA,Rwanda,RWA.4_1,Iburengerazuba,RWA.4.4_1,Nyamasheke,RWA.4.4.6_1,Kanjongo
RWA,Rwanda,RWA.4_1,Iburengerazuba,RWA.4.4_1,Nyamasheke,RWA.4.4.7_1,Karambi
RWA,Rwanda,RWA.4_1,Iburengerazuba,RWA.4.4_1,Nyamasheke,RWA.4.4.8_1,Karengera
RWA,Rwanda,RWA.4_1,Iburengerazuba,RWA.4.4_1,Nyamasheke,RWA.4.4.9_1,Kirimbi
RWA,Rwanda,RWA.4_1,Iburengerazuba,RWA.4.4_1,Nyamasheke,RWA.4.4.10_1,Lac Kivu
RWA,Rwanda,RWA.4_1,Iburengerazuba,RWA.4.4_1,Nyamasheke,RWA.4.4.11_1,Macuba
RWA,Rwanda,RWA.4_1,Iburengerazuba,RWA.4.4_1,Nyamasheke,RWA.4.4.12_1,Mahembe
RWA,Rwanda,RWA.4_1,Iburengerazuba,RWA.4.4_1,Nyamasheke,RWA.4.4.13_1,Nyabitekeri
RWA,Rwanda,RWA.4_1,Iburengerazuba,RWA.4.4_1,Nyamasheke,RWA.4.4.14_1,Rangiro
RWA,Rwanda,RWA.4_1,Iburengerazuba,RWA.4.4_1,Nyamasheke,RWA.4.4.15_1,Ruharambuga
RWA,Rwanda,RWA.4_1,Iburengerazuba,RWA.4.4_1,Nyamasheke,RWA.4.4.16_1,Shangi
RWA,Rwanda,RWA.4_1,Iburengerazuba,RWA.4.5_1,Rubavu,RWA.4.5.1_1,Bugeshi
RWA,Rwanda,RWA.4_1,Iburengerazuba,RWA.4.5_1,Rubavu,RWA.4.5.2_1,Busasamana
RWA,Rwanda,RWA.4_1,Iburengerazuba,RWA.4.5_1,Rubavu,RWA.4.5.3_1,Cyanzarwe
RWA,Rwanda,RWA.4_1,Iburengerazuba,RWA.4.5_1,Rubavu,RWA.4.5.4_1,Gisenyi
RWA,Rwanda,RWA.4_1,Iburengerazuba,RWA.4.5_1,Rubavu,RWA.4.5.5_1,Kanama
RWA,Rwanda,RWA.4_1,Iburengerazuba,RWA.4.5_1,Rubavu,RWA.4.5.6_1,Kanzenze
RWA,Rwanda,RWA.4_1,Iburengerazuba,RWA.4.5_1,Rubavu,RWA.4.5.7_1,Lac Kivu
RWA,Rwanda,RWA.4_1,Iburengerazuba,RWA.4.5_1,Rubavu,RWA.4.5.8_1,Mudende
RWA,Rwanda,RWA.4_1,Iburengerazuba,RWA.4.5_1,Rubavu,RWA.4.5.9_1,Nyakiriba
RWA,Rwanda,RWA.4_1,Iburengerazuba,RWA.4.5_1,Rubavu,RWA.4.5.10_1,Nyamyumba
RWA,Rwanda,RWA.4_1,Iburengerazuba,RWA.4.5_1,Rubavu,RWA.4.5.11_1,Nyundo
RWA,Rwanda,RWA.4_1,Iburengerazuba,RWA.4.5_1,Rubavu,RWA.4.5.12_1,Rubavu
RWA,Rwanda,RWA.4_1,Iburengerazuba,RWA.4.5_1,Rubavu,RWA.4.5.13_1,Rugerero
RWA,Rwanda,RWA.4_1,Iburengerazuba,RWA.4.6_1,Rusizi,RWA.4.6.1_1,Bugarama
RWA,Rwanda,RWA.4_1,Iburengerazuba,RWA.4.6_1,Rusizi,RWA.4.6.2_1,Butare
RWA,Rwanda,RWA.4_1,Iburengerazuba,RWA.4.6_1,Rusizi,RWA.4.6.3_1,Bweyeye
RWA,Rwanda,RWA.4_1,Iburengerazuba,RWA.4.6_1,Rusizi,RWA.4.6.4_1,Gashonga
RWA,Rwanda,RWA.4_1,Iburengerazuba,RWA.4.6_1,Rusizi,RWA.4.6.5_1,Giheke
RWA,Rwanda,RWA.4_1,Iburengerazuba,RWA.4.6_1,Rusizi,RWA.4.6.6_1,Gihundwe
RWA,Rwanda,RWA.4_1,Iburengerazuba,RWA.4.6_1,Rusizi,RWA.4.6.7_1,Gikundamvura
RWA,Rwanda,RWA.4_1,Iburengerazuba,RWA.4.6_1,Rusizi,RWA.4.6.8_1,Gitambi
RWA,Rwanda,RWA.4_1,Iburengerazuba,RWA.4.6_1,Rusizi,RWA.4.6.9_1,Kamembe
RWA,Rwanda,RWA.4_1,Iburengerazuba,RWA.4.6_1,Rusizi,RWA.4.6.10_1,Lac Kivu
RWA,Rwanda,RWA.4_1,Iburengerazuba,RWA.4.6_1,Rusizi,RWA.4.6.11_1,Muganza
RWA,Rwanda,RWA.4_1,Iburengerazuba,RWA.4.6_1,Rusizi,RWA.4.6.12_1,Mururu
RWA,Rwanda,RWA.4_1,Iburengerazuba,RWA.4.6_1,Rusizi,RWA.4.6.13_1,Nkanka
RWA,Rwanda,RWA.4_1,Iburengerazuba,RWA.4.6_1,Rusizi,RWA.4.6.14_1,Nkombo
RWA,Rwanda,RWA.4_1,Iburengerazuba,RWA.4.6_1,Rusizi,RWA.4.6.15_1,Nkungu
RWA,Rwanda,RWA.4_1,Iburengerazuba,RWA.4.6_1,Rusizi,RWA.4.6.16_1,Nyakabuye
RWA,Rwanda,RWA.4_1,Iburengerazuba,RWA.4.6_1,Rusizi,RWA.4.6.17_1,Nyakarenzo
RWA,Rwanda,RWA.4_1,Iburengerazuba,RWA.4.6_1,Rusizi,RWA.4.6.18_1,Nzahaha
RWA,Rwanda,RWA.4_1,Iburengerazuba,RWA.4.6_1,Rusizi,RWA.4.6.19_1,Rwimbogo
RWA,Rwanda,RWA.4_1,Iburengerazuba,RWA.4.7_1,Rutsiro,RWA.4.7.1_1,Boneza
RWA,Rwanda,RWA.4_1,Iburengerazuba,RWA.4.7_1,Rutsiro,RWA.4.7.2_1,Gihango
RWA,Rwanda,RWA.4_1,Iburengerazuba,RWA.4.7_1,Rutsiro,RWA.4.7.3_1,Kigeyo
RWA,Rwanda,RWA.4_1,Iburengerazuba,RWA.4.7_1,Rutsiro,RWA.4.7.4_1,Kivumu
RWA,Rwanda,RWA.4_1,Iburengerazuba,RWA.4.7_1,Rutsiro,RWA.4.7.5_1,Lac Kivu
RWA,Rwanda,RWA.4_1,Iburengerazuba,RWA.4.7_1,Rutsiro,RWA.4.7.6_1,Manihira
RWA,Rwanda,RWA.4_1,Iburengerazuba,RWA.4.7_1,Rutsiro,RWA.4.7.7_1,Mukura
RWA,Rwanda,RWA.4_1,Iburengerazuba,RWA.4.7_1,Rutsiro,RWA.4.7.8_1,Murunda
RWA,Rwanda,RWA.4_1,Iburengerazuba,RWA.4.7_1,Rutsiro,RWA.4.7.9_1,Musasa
RWA,Rwanda,RWA.4_1,Iburengerazuba,RWA.4.7_1,Rutsiro,RWA.4.7.10_1,Mushonyi
RWA,Rwanda,RWA.4_1,Iburengerazuba,RWA.4.7_1,Rutsiro,RWA.4.7.11_1,Mushubati
RWA,Rwanda,RWA.4_1,Iburengerazuba,RWA.4.7_1,Rutsiro,RWA.4.7.12_1,Nyabirasi
RWA,Rwanda,RWA.4_1,Iburengerazuba,RWA.4.7_1,Rutsiro,RWA.4.7.13_1,Ruhango
RWA,Rwanda,RWA.4_1,Iburengerazuba,RWA.4.7_1,Rutsiro,RWA.4.7.14_1,Rusebeya
RWA,Rwanda,RWA.5_1,Umujyi wa Kigali,RWA.5.1_1,Gasabo,RWA.5.1.1_1,Bumbogo
RWA,Rwanda,RWA.5_1,Umujyi wa Kigali,RWA.5.1_1,Gasabo,RWA.5.1.2_1,Gatsata
RWA,Rwanda,RWA.5_1,Umujyi wa Kigali,RWA.5.1_1,Gasabo,RWA.5.1.3_1,Gikomero
RWA,Rwanda,RWA.5_1,Umujyi wa Kigali,RWA.5.1_1,Gasabo,RWA.5.1.4_1,Gisozi
RWA,Rwanda,RWA.5_1,Umujyi wa Kigali,RWA.5.1_1,Gasabo,RWA.5.1.5_1,Jabana
RWA,Rwanda,RWA.5_1,Umujyi wa Kigali,RWA.5.1_1,Gasabo,RWA.5.1.6_1,Jali
RWA,Rwanda,RWA.5_1,Umujyi wa Kigali,RWA.5.1_1,Gasabo,RWA.5.1.7_1,Kacyiru
RWA,Rwanda,RWA.5_1,Umujyi wa Kigali,RWA.5.1_1,Gasabo,RWA.5.1.8_1,Kimihurura
RWA,Rwanda,RWA.5_1,Umujyi wa Kigali,RWA.5.1_1,Gasabo,RWA.5.1.9_1,Kimironko
RWA,Rwanda,RWA.5_1,Umujyi wa Kigali,RWA.5.1_1,Gasabo,RWA.5.1.10_1,Kinyinya
RWA,Rwanda,RWA.5_1,Umujyi wa Kigali,RWA.5.1_1,Gasabo,RWA.5.1.11_1,Ndera
RWA,Rwanda,RWA.5_1,Umujyi wa Kigali,RWA.5.1_1,Gasabo,RWA.5.1.12_1,Nduba
RWA,Rwanda,RWA.5_1,Umujyi wa Kigali,RWA.5.1_1,Gasabo,RWA.5.1.13_1,Remera
RWA,Rwanda,RWA.5_1,Umujyi wa Kigali,RWA.5.1_1,Gasabo,RWA.5.1.14_1,Rusororo
RWA,Rwanda,RWA.5_1,Umujyi wa Kigali,RWA.5.1_1,Gasabo,RWA.5.1.15_1,Rutunga
RWA,Rwanda,RWA.5_1,Umujyi wa Kigali,RWA.5.2_1,Kicukiro,RWA.5.2.1_1,Gahanga
RWA,Rwanda,RWA.5_1,Umujyi wa Kigali,RWA.5.2_1,Kicukiro,RWA.5.2.2_1,Gatenga
RWA,Rwanda,RWA.5_1,Umujyi wa Kigali,RWA.5.2_1,Kicukiro,RWA.5.2.3_1,Gikondo
RWA,Rwanda,RWA.5_1,Umujyi wa Kigali,RWA.5.2_1,Kicukiro,RWA.5.2.4_1,Kagarama
RWA,Rwanda,RWA.5_1,Umujyi wa Kigali,RWA.5.2_1,Kicukiro,RWA.5.2.5_1,Kanombe
RWA,Rwanda,RWA.5_1,Umujyi wa Kigali,RWA.5.2_1,Kicukiro,RWA.5.2.6_1,Kicukiro
RWA,Rwanda,RWA.5_1,Umujyi wa Kigali,RWA.5.2_1,Kicukiro,RWA.5.2.7_1,Kigarama
RWA,Rwanda,RWA.5_1,Umujyi wa Kigali,RWA.5.2_1,Kicukiro,RWA.5.2.8_1,Masaka
RWA,Rwanda,RWA.5_1,Umujyi wa Kigali,RWA.5.2_1,Kicukiro,RWA.5.2.9_1,Niboye
RWA,Rwanda,RWA.5_1,Umujyi wa Kigali,RWA.5.2_1,Kicukiro,RWA.5.2.10_1,Nyarugunga
RWA,Rwanda,RWA.5_1,Umujyi wa Kigali,RWA.5.3_1,Nyarugenge,RWA.5.3.1_1,Gitega
RWA,Rwanda,RWA.5_1,Umujyi wa Kigali,RWA.5.3_1,Nyarugenge,RWA.5.3.2_1,Kanyinya
RWA,Rwanda,RWA.5_1,Umujyi wa Kigali,RWA.5.3_1,Nyarugenge,RWA.5.3.3_1,Kigali
RWA,Rwanda,RWA.5_1,Umujyi wa Kigali,RWA.5.3_1,Nyarugenge,RWA.5.3.4_1,Kimisagara
RWA,Rwanda,RWA.5_1,Umujyi wa Kigali,RWA.5.3_1,Nyarugenge,RWA.5.3.5_1,Mageregere
RWA,Rwanda,RWA.5_1,Umujyi wa Kigali,RWA.5.3_1,Nyarugenge,RWA.5.3.6_1,Muhima
RWA,Rwanda,RWA.5_1,Umujyi wa Kigali,RWA.5.3_1,Nyarugenge,RWA.5.3.7_1,Nyakabanda
RWA,Rwanda,RWA.5_1,Umujyi wa Kigali,RWA.5.3_1,Nyarugenge,RWA.5.3.8_1,Nyamirambo
RWA,Rwanda,RWA.5_1,Umujyi wa Kigali,RWA.5.3_1,Nyarugenge,RWA.5.3.9_1,Nyarugenge
RWA,Rwanda,RWA.5_1,Umujyi wa Kigali,RWA.5.3_1,Nyarugenge,RWA.5.3.10_1,Rwezamenyo
